717,1,2002-08-10,,Sábado,Goiás,Portuguesa,Goiás,Serra Dourada,3,1,GO,SP,GO
718,1,2002-08-10,,Sábado,Paraná,São Caetano,Paraná,Couto Pereira,2,1,PR,SP,PR
719,1,2002-08-10,,Sábado,Santos,Botafogo-RJ,Santos,Vila Belmiro,2,1,SP,RJ,SP
720,1,2002-08-10,,Sábado,São Paulo,Paysandu,São Paulo,Morumbi,4,2,SP,PA,SP
721,1,2002-08-10,,Sábado,Vasco,Figueirense,Vasco,São Januário,2,0,RJ,SC,RJ
722,1,2002-08-11,,Domingo,Palmeiras,Grêmio,-,Parque Antártica,1,1,SP,RS,-
723,1,2002-08-11,,Domingo,Bahia,Gama,Bahia,Fonte Nova,1,0,BA,DF,BA
724,1,2002-08-11,,Domingo,Atlético-MG,Corinthians,Corinthians,Mineirão,1,2,MG,SP,SP
725,1,2002-08-11,,Domingo,Coritiba,Vitória,Coritiba,Couto Pereira,1,0,PR,ES,PR
726,1,2002-08-11,,Domingo,Internacional,Flamengo,Flamengo,Beira Rio,1,3,RS,RJ,RJ
727,1,2002-08-11,,Domingo,Fluminense,Cruzeiro,Fluminense,Maracanã,5,1,RJ,MG,RJ
728,1,2002-08-11,,Domingo,Guarani,Athlético-PR,Guarani,Brinco de Ouro,2,1,SP,PR,SP
729,1,2002-08-11,,Domingo,Juventude,Ponte Preta,Juventude,Alfredo Jaconi,1,0,RS,SP,RS
730,2,2002-08-14,,Quarta-feira,Botafogo-RJ,Atlético-MG,-,Maracanã,1,1,RJ,MG,-
731,2,2002-08-14,,Quarta-feira,Figueirense,Guarani,-,Ernesto Sobrinho,0,0,SC,SP,-
732,2,2002-08-14,,Quarta-feira,Cruzeiro,Palmeiras,-,Mineirão,1,1,MG,SP,-
733,2,2002-08-14,,Quarta-feira,Athlético-PR,Bahia,Athlético-PR,Arena da Baixada,4,0,PR,BA,PR
734,2,2002-08-14,,Quarta-feira,Corinthians,Internacional,Corinthians,Pacaembu,3,2,SP,RS,SP
735,2,2002-08-14,,Quarta-feira,Grêmio,Vasco,Grêmio,Olímpico Monumental,3,2,RS,RJ,RS
736,2,2002-08-14,,Quarta-feira,Ponte Preta,Coritiba,Ponte Preta,Moisés Lucarelli,2,0,SP,PR,SP
737,2,2002-08-14,,Quarta-feira,São Caetano,Fluminense,São Caetano,Anacleto Campanella,2,0,SP,RJ,SP
738,2,2002-08-14,,Quarta-feira,Vitória,Goiás,Vitória,Barradão,4,1,ES,GO,ES
739,2,2002-08-15,,Quinta-feira,Flamengo,Juventude,-,Maracanã,0,0,RJ,RS,-
740,2,2002-08-15,,Quinta-feira,Portuguesa,Paraná,Portuguesa,Canindé,1,0,SP,PR,SP
741,2,2002-08-15,,Quinta-feira,Gama,São Paulo,São Paulo,Serejão,0,1,DF,SP,SP
742,3,2002-08-17,,Sábado,Athlético-PR,Vasco,Athlético-PR,Arena da Baixada,2,1,PR,RJ,PR
743,3,2002-08-17,,Sábado,Fluminense,Grêmio,Fluminense,Maracanã,3,1,RJ,RS,RJ
744,3,2002-08-17,,Sábado,Internacional,Ponte Preta,Internacional,Beira Rio,1,0,RS,SP,RS
745,3,2002-08-18,,Domingo,Cruzeiro,Botafogo-RJ,-,Mineirão,0,0,MG,RJ,-
746,3,2002-08-18,,Domingo,Portuguesa,Figueirense,-,Canindé,0,0,SP,SC,-
747,3,2002-08-18,,Domingo,Flamengo,Goiás,-,Maracanã,1,1,RJ,GO,-
748,3,2002-08-18,,Domingo,Guarani,Atlético-MG,Atlético-MG,Brinco de Ouro,1,4,SP,MG,MG
749,3,2002-08-18,,Domingo,Bahia,Coritiba,Coritiba,Fonte Nova,1,2,BA,PR,PR
750,3,2002-08-18,,Domingo,Gama,Vitória,Gama,Bezerrão,2,1,DF,ES,DF
751,3,2002-08-18,,Domingo,Juventude,Santos,Juventude,Alfredo Jaconi,2,1,RS,SP,RS
752,3,2002-08-18,,Domingo,São Caetano,Corinthians,São Caetano,Anacleto Campanella,3,0,SP,SP,SP
753,3,2002-08-18,,Domingo,Paraná,São Paulo,São Paulo,Couto Pereira,2,3,PR,SP,SP
754,4,2002-08-21,,Quarta-feira,Vitória,Athlético-PR,-,Barradão,1,1,ES,PR,-
755,4,2002-08-21,,Quarta-feira,Goiás,Bahia,-,Serra Dourada,1,1,GO,BA,-
756,4,2002-08-21,,Quarta-feira,Atlético-MG,Fluminense,-,Independência,1,1,MG,RJ,-
757,4,2002-08-21,,Quarta-feira,Botafogo-RJ,Internacional,-,Maracanã,2,2,RJ,RS,-
758,4,2002-08-21,,Quarta-feira,Coritiba,Flamengo,Coritiba,Couto Pereira,2,1,PR,RJ,PR
759,4,2002-08-21,,Quarta-feira,São Paulo,Juventude,Juventude,Morumbi,0,1,SP,RS,RS
760,4,2002-08-21,,Quarta-feira,Paysandu,Portuguesa,Portuguesa,Mangueirão,1,2,PA,SP,SP
761,4,2002-08-21,,Quarta-feira,Santos,Figueirense,Santos,Vila Belmiro,3,0,SP,SC,SP
762,4,2002-08-22,,Quinta-feira,Vasco,Gama,Gama,São Januário,0,1,RJ,DF,DF
763,4,2002-08-22,,Quinta-feira,Grêmio,Guarani,Guarani,Olímpico Monumental,0,1,RS,SP,SP
764,4,2002-08-22,,Quinta-feira,Palmeiras,São Caetano,Palmeiras,Parque Antártica,3,2,SP,SP,SP
765,4,2002-08-22,,Quinta-feira,Ponte Preta,Cruzeiro,Ponte Preta,Moisés Lucarelli,2,0,SP,MG,SP
766,5,2002-08-24,,Sábado,Internacional,São Paulo,-,Beira Rio,2,2,RS,SP,-
767,5,2002-08-24,,Sábado,Figueirense,Botafogo-RJ,Botafogo-RJ,Arena da Baixada,0,3,SC,RJ,RJ
768,5,2002-08-24,,Sábado,Flamengo,Paysandu,Paysandu,Maracanã,1,2,RJ,PA,PA
769,5,2002-08-25,,Domingo,Ponte Preta,Grêmio,-,Moisés Lucarelli,1,1,SP,RS,-
770,5,2002-08-25,,Domingo,Fluminense,Santos,-,Maracanã,1,1,RJ,SP,-
771,5,2002-08-25,,Domingo,Palmeiras,Atlético-MG,Atlético-MG,Parque Antártica,0,4,SP,MG,MG
772,5,2002-08-25,,Domingo,Coritiba,Corinthians,Corinthians,Couto Pereira,1,2,PR,SP,SP
773,5,2002-08-25,,Domingo,Cruzeiro,Bahia,Cruzeiro,Mineirão,2,1,MG,BA,MG
774,5,2002-08-25,,Domingo,Goiás,Vasco,Goiás,Serra Dourada,2,1,GO,RJ,GO
775,5,2002-08-25,,Domingo,Portuguesa,Gama,Portuguesa,Canindé,1,0,SP,DF,SP
776,5,2002-08-25,,Domingo,Vitória,Juventude,Vitória,Barradão,2,1,ES,RS,ES
777,6,2002-08-28,,Quarta-feira,Corinthians,Cruzeiro,-,Pacaembu,1,1,SP,MG,-
778,6,2002-08-28,,Quarta-feira,Guarani,Internacional,-,Brinco de Ouro,1,1,SP,RS,-
779,6,2002-08-28,,Quarta-feira,Athlético-PR,Palmeiras,Athlético-PR,Arena da Baixada,1,0,PR,SP,PR
780,6,2002-08-28,,Quarta-feira,Bahia,Figueirense,Figueirense,Fonte Nova,1,2,BA,SC,SC
781,6,2002-08-28,,Quarta-feira,Gama,Flamengo,Gama,Serejão,2,1,DF,RJ,DF
782,6,2002-08-28,,Quarta-feira,Juventude,Fluminense,Juventude,Alfredo Jaconi,2,0,RS,RJ,RS
783,6,2002-08-28,,Quarta-feira,Santos,Paraná,Santos,Vila Belmiro,2,1,SP,PR,SP
784,6,2002-08-29,,Quinta-feira,Grêmio,Portuguesa,-,Olímpico Monumental,0,0,RS,SP,-
785,6,2002-08-29,,Quinta-feira,Atlético-MG,Vitória,Atlético-MG,Independência,2,1,MG,ES,MG
786,6,2002-08-29,,Quinta-feira,Ponte Preta,Cruzeiro,Ponte Preta,Moisés Lucarelli,2,0,SP,MG,SP
787,6,2002-08-29,,Quinta-feira,São Paulo,Goiás,São Paulo,Morumbi,2,0,SP,GO,SP
788,7,2002-08-31,,Sábado,Corinthians,Athlético-PR,Athlético-PR,Pacaembu,0,3,SP,PR,PR
789,7,2002-08-31,,Sábado,Botafogo-RJ,Gama,Botafogo-RJ,Maracanã,1,0,RJ,DF,RJ
790,7,2002-08-31,,Sábado,Coritiba,Fluminense,Coritiba,Couto Pereira,2,0,PR,RJ,PR
791,7,2002-08-31,,Sábado,Internacional,Santos,Internacional,Beira Rio,3,0,RS,SP,RS
792,7,2002-09-01,,Domingo,Flamengo,Cruzeiro,-,Maracanã,1,1,RJ,MG,-
793,7,2002-09-01,,Domingo,Atlético-MG,Portuguesa,-,Independência,0,0,MG,SP,-
794,7,2002-09-01,,Domingo,Goiás,Guarani,Guarani,Serra Dourada,1,2,GO,SP,SP
795,7,2002-09-01,,Domingo,Juventude,Vasco,Juventude,Alfredo Jaconi,1,0,RS,RJ,RS
796,7,2002-09-01,,Domingo,Paraná,Palmeiras,Paraná,Couto Pereira,5,1,PR,SP,PR
797,7,2002-09-01,,Domingo,Ponte Preta,São Caetano,São Caetano,Moisés Lucarelli,0,1,SP,SP,SP
798,7,2002-09-01,,Domingo,São Paulo,Grêmio,São Paulo,Morumbi,2,0,SP,RS,SP
799,7,2002-09-01,,Domingo,Vitória,Paysandu,Vitória,Barradão,5,1,ES,PA,ES
800,8,2002-09-04,,Quarta-feira,Palmeiras,Coritiba,-,Parque Antártica,2,2,SP,PR,-
801,8,2002-09-04,,Quarta-feira,Gama,Ponte Preta,-,Bezerrão,0,0,DF,SP,-
802,8,2002-09-04,,Quarta-feira,Vasco,Atlético-MG,Atlético-MG,São Januário,1,2,RJ,MG,MG
803,8,2002-09-04,,Quarta-feira,Athlético-PR,Botafogo-RJ,Athlético-PR,Arena da Baixada,2,0,PR,RJ,PR
804,8,2002-09-04,,Quarta-feira,Bahia,Paraná,Bahia,Fonte Nova,3,2,BA,PR,BA
805,8,2002-09-04,,Quarta-feira,Paysandu,Corinthians,Corinthians,Mangueirão,0,1,PA,SP,SP
806,8,2002-09-04,,Quarta-feira,Cruzeiro,São Paulo,Cruzeiro,Independência,3,1,MG,SP,MG
807,8,2002-09-04,,Quarta-feira,Flamengo,Fluminense,Flamengo,Maracanã,5,2,RJ,RJ,RJ
808,8,2002-09-04,,Quarta-feira,São Caetano,Guarani,São Caetano,Anacleto Campanella,2,1,SP,SP,SP
809,8,2002-09-05,,Quinta-feira,Portuguesa,Internacional,Internacional,Canindé,0,2,SP,RS,RS
810,8,2002-09-05,,Quinta-feira,Santos,Vitória,Santos,Vila Belmiro,3,0,SP,ES,SP
811,9,2002-09-07,,Sábado,Goiás,Botafogo-RJ,-,Serra Dourada,2,2,GO,RJ,-
812,9,2002-09-07,,Sábado,Palmeiras,Gama,-,Parque Antártica,2,2,SP,DF,-
813,9,2002-09-07,,Sábado,Atlético-MG,Ponte Preta,Atlético-MG,Independência,2,0,MG,SP,MG
814,9,2002-09-07,,Sábado,São Caetano,São Paulo,São Caetano,Anacleto Campanella,3,0,SP,SP,SP
815,9,2002-09-07,,Sábado,Vasco,Coritiba,Vasco,São Januário,1,0,RJ,PR,RJ
816,9,2002-09-08,,Domingo,Santos,Athlético-PR,-,Vila Belmiro,2,2,SP,PR,-
817,9,2002-09-08,,Domingo,Vitória,Internacional,-,Barradão,0,0,ES,RS,-
818,9,2002-09-08,,Domingo,Fluminense,Figueirense,Fluminense,Maracanã,4,3,RJ,SC,RJ
819,9,2002-09-08,,Domingo,Grêmio,Corinthians,Grêmio,Olímpico Monumental,4,0,RS,SP,RS
820,9,2002-09-08,,Domingo,Guarani,Paysandu,Guarani,Brinco de Ouro,2,0,SP,PA,SP
821,9,2002-09-08,,Domingo,Juventude,Bahia,Juventude,Alfredo Jaconi,2,1,RS,BA,RS
822,9,2002-09-08,,Domingo,Paraná,Flamengo,Paraná,Couto Pereira,3,0,PR,RJ,PR
823,10,2002-09-11,,Quarta-feira,Bahia,Grêmio,-,Fonte Nova,1,1,BA,RS,-
824,10,2002-09-11,,Quarta-feira,Coritiba,Santos,Coritiba,Couto Pereira,4,2,PR,SP,PR
825,10,2002-09-11,,Quarta-feira,Flamengo,Athlético-PR,Flamengo,Maracanã,3,2,RJ,PR,RJ
826,10,2002-09-11,,Quarta-feira,Internacional,Palmeiras,Internacional,Beira Rio,3,2,RS,SP,RS
827,10,2002-09-11,,Quarta-feira,Paysandu,Vasco,Paysandu,Mangueirão,2,0,PA,RJ,PA
828,10,2002-09-11,,Quarta-feira,Ponte Preta,Paraná,Ponte Preta,Moisés Lucarelli,1,0,SP,PR,SP
829,10,2002-09-11,,Quarta-feira,Portuguesa,São Caetano,Portuguesa,Canindé,3,2,SP,SP,SP
830,10,2002-09-11,,Quarta-feira,Figueirense,Vitória,Vitória,Orlando Scarpelli,0,2,SC,ES,ES
831,10,2002-09-12,,Quinta-feira,Corinthians,Goiás,Corinthians,Pacaembu,3,0,SP,GO,SP
832,10,2002-09-12,,Quinta-feira,Gama,Fluminense,Fluminense,Bezerrão,1,2,DF,RJ,RJ
833,10,2002-09-12,,Quinta-feira,Cruzeiro,Guarani,Guarani,Independência,0,2,MG,SP,SP
834,10,2002-09-12,,Quinta-feira,Botafogo-RJ,Juventude,Juventude,Maracanã,0,4,RJ,RS,RS
835,11,2002-09-14,,Sábado,Paraná,Athlético-PR,-,Couto Pereira,2,2,PR,PR,-
836,11,2002-09-14,,Sábado,Palmeiras,Bahia,Bahia,Parque Antártica,1,2,SP,BA,BA
837,11,2002-09-14,,Sábado,Internacional,Figueirense,Figueirense,Beira Rio,2,4,RS,SC,SC
838,11,2002-09-14,,Sábado,Santos,Grêmio,Santos,Vila Belmiro,2,0,SP,RS,SP
839,11,2002-09-15,,Domingo,Guarani,Corinthians,-,Brinco de Ouro,0,0,SP,SP,-
840,11,2002-09-15,,Domingo,Botafogo-RJ,Vasco,-,Maracanã,1,1,RJ,RJ,-
841,11,2002-09-15,,Domingo,Coritiba,Goiás,Coritiba,Couto Pereira,3,1,PR,GO,PR
842,11,2002-09-15,,Domingo,Cruzeiro,Paysandu,Cruzeiro,Independência,3,1,MG,PA,MG
843,11,2002-09-15,,Domingo,Juventude,Atlético-MG,Juventude,Alfredo Jaconi,1,0,RS,MG,RS
844,11,2002-09-15,,Domingo,São Caetano,Gama,São Caetano,Anacleto Campanella,4,0,SP,DF,SP
845,11,2002-09-15,,Domingo,São Paulo,Fluminense,São Paulo,Morumbi,6,0,SP,RJ,SP
846,11,2002-09-15,,Domingo,Vitória,Portuguesa,Vitória,Barradão,4,3,ES,SP,ES
847,12,2002-09-18,,Quarta-feira,Paysandu,Coritiba,-,Mangueirão,1,1,PA,PR,-
848,12,2002-09-18,,Quarta-feira,Bahia,São Paulo,Bahia,Fonte Nova,2,0,BA,SP,BA
849,12,2002-09-18,,Quarta-feira,Figueirense,Cruzeiro,Figueirense,Orlando Scarpelli,3,1,SC,MG,SC
850,12,2002-09-18,,Quarta-feira,Athlético-PR,Gama,Gama,Arena da Baixada,1,3,PR,DF,DF
851,12,2002-09-18,,Quarta-feira,Goiás,São Caetano,Goiás,Serra Dourada,3,0,GO,SP,GO
852,12,2002-09-18,,Quarta-feira,Ponte Preta,Palmeiras,Ponte Preta,Moisés Lucarelli,2,0,SP,SP,SP
853,12,2002-09-18,,Quarta-feira,Portuguesa,Botafogo-RJ,Portuguesa,Canindé,2,0,SP,RJ,SP
854,12,2002-09-18,,Quarta-feira,Vasco,Santos,Santos,São Januário,1,2,RJ,SP,SP
855,12,2002-09-19,,Quinta-feira,Atlético-MG,Paraná,Atlético-MG,Independência,4,1,MG,PR,MG
856,12,2002-09-19,,Quinta-feira,Corinthians,Vitória,Corinthians,Pacaembu,2,1,SP,ES,SP
857,12,2002-09-19,,Quinta-feira,Grêmio,Juventude,Grêmio,Olímpico Monumental,2,0,RS,RS,RS
858,13,2002-09-21,,Sábado,Santos,Goiás,-,Vila Belmiro,1,1,SP,GO,-
859,13,2002-09-21,,Sábado,Botafogo-RJ,Coritiba,Coritiba,Godofredo Cruz,0,2,RJ,PR,PR
860,13,2002-09-21,,Sábado,Portuguesa,Cruzeiro,Cruzeiro,Canindé,0,1,SP,MG,MG
861,13,2002-09-21,,Sábado,Figueirense,Palmeiras,Figueirense,Orlando Scarpelli,1,0,SC,SP,SC
862,13,2002-09-22,,Domingo,Vasco,Internacional,-,São Januário,1,1,RJ,RS,-
863,13,2002-09-22,,Domingo,Guarani,Juventude,-,Brinco de Ouro,0,0,SP,RS,-
864,13,2002-09-22,,Domingo,Athlético-PR,São Paulo,-,Arena da Baixada,1,1,PR,SP,-
865,13,2002-09-22,,Domingo,Corinthians,Paraná,Corinthians,Pacaembu,2,1,SP,PR,SP
866,13,2002-09-22,,Domingo,Atlético-MG,Flamengo,Flamengo,Mineirão,0,3,MG,RJ,RJ
867,13,2002-09-22,,Domingo,Grêmio,Vitória,Grêmio,Olímpico Monumental,4,0,RS,ES,RS
868,13,2002-09-22,,Domingo,Paysandu,Ponte Preta,Paysandu,Mangueirão,4,3,PA,SP,PA
869,13,2002-09-22,,Domingo,São Caetano,Bahia,São Caetano,Anacleto Campanella,1,0,SP,BA,SP
870,14,2002-09-25,,Quarta-feira,Vitória,São Caetano,-,Barradão,2,2,ES,SP,-
871,14,2002-09-25,,Quarta-feira,São Paulo,Atlético-MG,Atlético-MG,Morumbi,1,2,SP,MG,MG
872,14,2002-09-25,,Quarta-feira,Fluminense,Athlético-PR,Athlético-PR,Maracanã,0,1,RJ,PR,PR
873,14,2002-09-25,,Quarta-feira,Juventude,Corinthians,Corinthians,Alfredo Jaconi,0,1,RS,SP,SP
874,14,2002-09-25,,Quarta-feira,Cruzeiro,Vasco,Cruzeiro,Mineirão,4,0,MG,RJ,MG
875,14,2002-09-25,,Quarta-feira,Paraná,Guarani,Guarani,Durival de Brito,1,2,PR,SP,SP
876,14,2002-09-25,,Quarta-feira,Internacional,Bahia,Internacional,Beira Rio,1,0,RS,BA,RS
877,14,2002-09-25,,Quarta-feira,Ponte Preta,Figueirense,Ponte Preta,Moisés Lucarelli,3,2,SP,SC,SP
878,14,2002-09-26,,Quinta-feira,Gama,Santos,-,Bezerrão,0,0,DF,SP,-
879,14,2002-09-26,,Quinta-feira,Coritiba,Portuguesa,Coritiba,Couto Pereira,2,0,PR,SP,PR
880,14,2002-09-26,,Quinta-feira,Flamengo,Grêmio,Grêmio,Maracanã,2,3,RJ,RS,RS
881,14,2002-09-26,,Quinta-feira,Palmeiras,Paysandu,Palmeiras,Parque Antártica,1,0,SP,PA,SP
882,15,2002-09-28,,Sábado,Bahia,Botafogo-RJ,Botafogo-RJ,Fonte Nova,1,2,BA,RJ,RJ
883,15,2002-09-28,,Sábado,Cruzeiro,Juventude,Cruzeiro,Mineirão,2,1,MG,RS,MG
884,15,2002-09-28,,Sábado,Fluminense,Guarani,Fluminense,Maracanã,2,1,RJ,SP,RJ
885,15,2002-09-28,,Sábado,Internacional,Paraná,Paraná,Beira Rio,1,2,RS,PR,PR
886,15,2002-09-28,,Sábado,Athlético-PR,São Caetano,São Caetano,Arena da Baixada,0,1,PR,SP,SP
887,15,2002-09-29,,Domingo,São Paulo,Corinthians,-,Morumbi,2,2,SP,SP,-
888,15,2002-09-29,,Domingo,Santos,Palmeiras,-,Vila Belmiro,1,1,SP,SP,-
889,15,2002-09-29,,Domingo,Figueirense,Gama,Figueirense,Orlando Scarpelli,2,1,SC,DF,SC
890,15,2002-09-29,,Domingo,Goiás,Grêmio,Goiás,Serra Dourada,4,1,GO,RS,GO
891,15,2002-09-29,,Domingo,Paysandu,Atlético-MG,Paysandu,Mangueirão,5,2,PA,MG,PA
892,15,2002-09-29,,Domingo,Ponte Preta,Flamengo,Ponte Preta,Moisés Lucarelli,3,1,SP,RJ,SP
893,15,2002-09-29,,Domingo,Vasco,Portuguesa,Vasco,São Januário,4,0,RJ,SP,RJ
894,16,2002-10-02,,Quarta-feira,Flamengo,Bahia,-,Maracanã,1,1,RJ,BA,-
895,16,2002-10-02,,Quarta-feira,Gama,Internacional,-,Bezerrão,1,1,DF,RS,-
896,16,2002-10-02,,Quarta-feira,Palmeiras,São Paulo,-,Pacaembu,1,1,SP,SP,-
897,16,2002-10-02,,Quarta-feira,Botafogo-RJ,Ponte Preta,Botafogo-RJ,Caio Martins,2,1,RJ,SP,RJ
898,16,2002-10-02,,Quarta-feira,Grêmio,Paysandu,Grêmio,Olímpico Monumental,3,0,RS,PA,RS
899,16,2002-10-02,,Quarta-feira,Juventude,Goiás,Juventude,Alfredo Jaconi,2,1,RS,GO,RS
900,16,2002-10-02,,Quarta-feira,São Caetano,Coritiba,São Caetano,Anacleto Campanella,1,0,SP,PR,SP
901,16,2002-10-02,,Quarta-feira,Vitória,Fluminense,Vitória,Barradão,2,1,ES,RJ,ES
902,16,2002-10-03,,Quinta-feira,Paraná,Cruzeiro,-,Pinheirão,1,1,PR,MG,-
903,16,2002-10-03,,Quinta-feira,Atlético-MG,Figueirense,Figueirense,Mineirão,0,2,MG,SC,SC
904,16,2002-10-03,,Quinta-feira,Corinthians,Santos,Santos,Pacaembu,2,4,SP,SP,SP
905,17,2002-10-05,,Sábado,Goiás,Athlético-PR,-,Serra Dourada,0,0,GO,PR,-
906,17,2002-10-05,,Sábado,Botafogo-RJ,São Caetano,-,Caio Martins,1,1,RJ,SP,-
907,17,2002-10-05,,Sábado,Gama,Paysandu,Gama,Bezerrão,2,0,DF,PA,DF
908,17,2002-10-05,,Sábado,Palmeiras,Portuguesa,Palmeiras,Parque Antártica,2,1,SP,SP,SP
909,17,2002-10-05,,Sábado,Flamengo,São Paulo,São Paulo,Maracanã,2,3,RJ,SP,SP
910,17,2002-10-05,,Sábado,Guarani,Vasco,Vasco,Brinco de Ouro,1,2,SP,RJ,RJ
911,18,2002-10-08,,Terça-feira,Fluminense,Paraná,Fluminense,Maracanã,3,2,RJ,PR,RJ
912,18,2002-10-08,,Terça-feira,Guarani,Gama,Guarani,Brinco de Ouro,3,1,SP,DF,SP
913,18,2002-10-08,,Terça-feira,São Paulo,Coritiba,São Paulo,Morumbi,3,1,SP,PR,SP
914,18,2002-10-09,,Quarta-feira,Grêmio,Botafogo-RJ,-,Olímpico Monumental,1,1,RS,RJ,-
915,18,2002-10-09,,Quarta-feira,Corinthians,Figueirense,-,Canindé,2,2,SP,SC,-
916,18,2002-10-09,,Quarta-feira,Flamengo,São Caetano,Flamengo,Maracanã,2,0,RJ,SP,RJ
917,18,2002-10-09,,Quarta-feira,Goiás,Palmeiras,Goiás,Serra Dourada,4,2,GO,SP,GO
918,18,2002-10-09,,Quarta-feira,Paysandu,Bahia,Paysandu,Mangueirão,3,2,PA,BA,PA
919,18,2002-10-09,,Quarta-feira,Athlético-PR,Ponte Preta,Ponte Preta,Arena da Baixada,0,1,PR,SP,SP
920,18,2002-10-09,,Quarta-feira,Santos,Atlético-MG,Santos,Vila Belmiro,3,2,SP,MG,SP
921,18,2002-10-09,,Quarta-feira,Vitória,Cruzeiro,Vitória,Barradão,4,2,ES,MG,ES
922,19,2002-10-12,,Sábado,Palmeiras,Juventude,-,Parque Antártica,2,2,SP,RS,-
923,19,2002-10-12,,Sábado,Paraná,Vitória,Paraná,Pinheirão,1,0,PR,ES,PR
924,19,2002-10-12,,Sábado,São Caetano,Vasco,São Caetano,Anacleto Campanella,2,0,SP,RJ,SP
925,19,2002-10-12,,Sábado,Figueirense,São Paulo,São Paulo,Orlando Scarpelli,0,3,SC,SP,SP
926,19,2002-10-13,,Domingo,Portuguesa,Athlético-PR,-,Canindé,1,1,SP,PR,-
927,19,2002-10-13,,Domingo,Internacional,Fluminense,-,Beira Rio,2,2,RS,RJ,-
928,19,2002-10-13,,Domingo,Bahia,Atlético-MG,Bahia,Fonte Nova,5,3,BA,MG,BA
929,19,2002-10-13,,Domingo,Botafogo-RJ,Paysandu,Botafogo-RJ,Maracanã,1,0,RJ,PA,RJ
930,19,2002-10-13,,Domingo,Gama,Corinthians,Corinthians,Mané Garrincha,1,3,DF,SP,SP
931,19,2002-10-13,,Domingo,Coritiba,Guarani,Guarani,Couto Pereira,0,1,PR,SP,SP
932,19,2002-10-13,,Domingo,Ponte Preta,Goiás,Ponte Preta,Moisés Lucarelli,3,2,SP,GO,SP
933,19,2002-10-13,,Domingo,Cruzeiro,Santos,Santos,Mineirão,1,4,MG,SP,SP
934,20,2002-10-16,,Quarta-feira,Coritiba,Grêmio,-,Couto Pereira,0,0,PR,RS,-
935,20,2002-10-16,,Quarta-feira,Bahia,Ponte Preta,Bahia,Fonte Nova,2,1,BA,SP,BA
936,20,2002-10-16,,Quarta-feira,Figueirense,Athlético-PR,Figueirense,Orlando Scarpelli,3,2,SC,PR,SC
937,20,2002-10-16,,Quarta-feira,Gama,Juventude,Gama,Mané Garrincha,1,0,DF,RS,DF
938,20,2002-10-16,,Quarta-feira,Internacional,Goiás,Goiás,Beira Rio,1,2,RS,GO,GO
939,20,2002-10-16,,Quarta-feira,Paysandu,Paraná,Paysandu,Mangueirão,3,1,PA,PR,PA
940,20,2002-10-16,,Quarta-feira,São Paulo,Santos,São Paulo,Morumbi,3,2,SP,SP,SP
941,20,2002-10-16,,Quarta-feira,Vasco,Flamengo,Vasco,Maracanã,2,1,RJ,RJ,RJ
942,20,2002-10-17,,Quinta-feira,Atlético-MG,São Caetano,Atlético-MG,Independência,2,1,MG,SP,MG
943,20,2002-10-17,,Quinta-feira,Palmeiras,Guarani,Palmeiras,Parque Antártica,4,2,SP,SP,SP
944,20,2002-10-17,,Quinta-feira,Botafogo-RJ,Vitória,Vitória,Caio Martins,1,4,RJ,ES,ES
945,21,2002-10-19,,Sábado,Grêmio,Gama,Grêmio,Olímpico Monumental,3,1,RS,DF,RS
946,21,2002-10-19,,Sábado,Santos,Portuguesa,Portuguesa,Vila Belmiro,1,2,SP,SP,SP
947,21,2002-10-19,,Sábado,Vasco,Paraná,Vasco,São Januário,1,0,RJ,PR,RJ
948,21,2002-10-20,,Domingo,Cruzeiro,Atlético-MG,Atlético-MG,Mineirão,1,2,MG,MG,MG
949,21,2002-10-20,,Domingo,Corinthians,Ponte Preta,Corinthians,Pacaembu,1,0,SP,SP,SP
950,21,2002-10-20,,Domingo,Vitória,Flamengo,Flamengo,Barradão,1,2,ES,RJ,RJ
951,21,2002-10-20,,Domingo,Fluminense,Bahia,Fluminense,Maracanã,1,0,RJ,BA,RJ
952,21,2002-10-20,,Domingo,Goiás,Figueirense,Goiás,Serra Dourada,1,0,GO,SC,GO
953,21,2002-10-20,,Domingo,Athlético-PR,Internacional,Internacional,Arena da Baixada,2,3,PR,RS,RS
954,21,2002-10-20,,Domingo,Juventude,Coritiba,Juventude,Alfredo Jaconi,5,3,RS,PR,RS
955,21,2002-10-20,,Domingo,São Caetano,Paysandu,São Caetano,Anacleto Campanella,2,1,SP,PA,SP
956,21,2002-10-20,,Domingo,Guarani,São Paulo,São Paulo,Brinco de Ouro,1,2,SP,SP,SP
957,22,2002-10-23,,Quarta-feira,São Caetano,Cruzeiro,-,Anacleto Campanella,1,1,SP,MG,-
958,22,2002-10-23,,Quarta-feira,Fluminense,Goiás,-,Maracanã,2,2,RJ,GO,-
959,22,2002-10-23,,Quarta-feira,Corinthians,Palmeiras,-,Morumbi,2,2,SP,SP,-
960,22,2002-10-23,,Quarta-feira,Ponte Preta,Vitória,-,Moisés Lucarelli,1,1,SP,ES,-
961,22,2002-10-23,,Quarta-feira,Bahia,Vasco,Bahia,Fonte Nova,4,2,BA,RJ,BA
962,22,2002-10-23,,Quarta-feira,Figueirense,Flamengo,Figueirense,Orlando Scarpelli,2,1,SC,RJ,SC
963,22,2002-10-23,,Quarta-feira,Paraná,Gama,Paraná,Pinheirão,2,1,PR,DF,PR
964,22,2002-10-23,,Quarta-feira,Paysandu,Santos,Paysandu,Mangueirão,2,1,PA,SP,PA
965,22,2002-10-23,,Quarta-feira,Portuguesa,Guarani,Portuguesa,Canindé,2,0,SP,SP,SP
966,23,2002-10-26,,Sábado,Athlético-PR,Coritiba,Athlético-PR,Arena da Baixada,1,0,PR,PR,PR
967,23,2002-10-26,,Sábado,Botafogo-RJ,Fluminense,Fluminense,Maracanã,2,3,RJ,RJ,RJ
968,23,2002-10-26,,Sábado,Gama,Goiás,Goiás,Mané Garrincha,0,1,DF,GO,GO
969,23,2002-10-26,,Sábado,Internacional,Grêmio,Grêmio,Beira Rio,0,1,RS,RS,RS
970,23,2002-10-26,,Sábado,Juventude,Figueirense,Juventude,Alfredo Jaconi,3,2,RS,SC,RS
971,23,2002-10-26,,Sábado,Santos,Flamengo,Santos,Vila Belmiro,3,0,SP,RJ,SP
972,23,2002-10-26,,Sábado,Portuguesa,São Paulo,São Paulo,Canindé,1,3,SP,SP,SP
973,23,2002-10-28,,Segunda-feira,Guarani,Ponte Preta,Ponte Preta,Brinco de Ouro,2,4,SP,SP,SP
974,24,2002-10-30,,Quarta-feira,Bahia,Santos,-,Fonte Nova,1,1,BA,SP,-
975,24,2002-10-30,,Quarta-feira,Atlético-MG,Internacional,Atlético-MG,Independência,3,2,MG,RS,MG
976,24,2002-10-30,,Quarta-feira,Flamengo,Corinthians,Corinthians,Maracanã,0,1,RJ,SP,SP
977,24,2002-10-30,,Quarta-feira,Coritiba,Cruzeiro,Coritiba,Couto Pereira,3,1,PR,MG,PR
978,24,2002-10-30,,Quarta-feira,Paysandu,Goiás,Goiás,Mangueirão,1,2,PA,GO,GO
979,24,2002-10-30,,Quarta-feira,Grêmio,Athlético-PR,Grêmio,Olímpico Monumental,2,1,RS,PR,RS
980,24,2002-10-30,,Quarta-feira,Palmeiras,Botafogo-RJ,Palmeiras,Parque Antártica,2,1,SP,RJ,SP
981,24,2002-10-30,,Quarta-feira,Figueirense,São Caetano,São Caetano,Orlando Scarpelli,1,2,SC,SP,SP
982,24,2002-10-31,,Quinta-feira,Fluminense,Vasco,Fluminense,Maracanã,2,1,RJ,RJ,RJ
983,24,2002-10-31,,Quinta-feira,Paraná,Juventude,Paraná,Pinheirão,3,1,PR,RS,PR
984,24,2002-10-31,,Quinta-feira,São Paulo,Ponte Preta,São Paulo,Morumbi,5,2,SP,SP,SP
985,25,2002-11-02,,Sábado,Internacional,Coritiba,Coritiba,Beira Rio,0,1,RS,PR,PR
986,25,2002-11-02,,Sábado,Flamengo,Botafogo-RJ,Flamengo,Maracanã,2,0,RJ,RJ,RJ
987,25,2002-11-02,,Sábado,Guarani,Santos,Santos,Jaime Cintra,0,2,SP,SP,SP
988,25,2002-11-03,,Domingo,Athlético-PR,Atlético-MG,-,Arena da Baixada,2,2,PR,MG,-
989,25,2002-11-03,,Domingo,Ponte Preta,Portuguesa,-,Moisés Lucarelli,0,0,SP,SP,-
990,25,2002-11-03,,Domingo,Cruzeiro,Grêmio,Cruzeiro,Independência,3,2,MG,RS,MG
991,25,2002-11-03,,Domingo,Corinthians,Fluminense,Fluminense,Pacaembu,0,2,SP,RJ,RJ
992,25,2002-11-03,,Domingo,Goiás,Paraná,Goiás,Serra Dourada,4,0,GO,PR,GO
993,25,2002-11-03,,Domingo,Paysandu,Figueirense,Paysandu,Mangueirão,2,1,PA,SC,PA
994,25,2002-11-03,,Domingo,São Caetano,Juventude,São Caetano,Anacleto Campanella,2,1,SP,RS,SP
995,25,2002-11-03,,Domingo,Vasco,Palmeiras,Vasco,São Januário,1,0,RJ,SP,RJ
996,25,2002-11-03,,Domingo,Vitória,Bahia,Vitória,Barradão,1,0,ES,BA,ES
997,26,2002-11-06,,Quarta-feira,São Caetano,Internacional,-,Anacleto Campanella,1,1,SP,RS,-
998,26,2002-11-06,,Quarta-feira,Athlético-PR,Paysandu,Athlético-PR,Arena da Baixada,2,1,PR,PA,PR
999,26,2002-11-06,,Quarta-feira,Gama,Cruzeiro,Cruzeiro,Mané Garrincha,2,3,DF,MG,MG
1000,26,2002-11-06,,Quarta-feira,Figueirense,Grêmio,Grêmio,Orlando Scarpelli,0,2,SC,RS,RS
1001,26,2002-11-06,,Quarta-feira,Fluminense,Palmeiras,Palmeiras,Maracanã,0,3,RJ,SP,SP
1002,26,2002-11-06,,Quarta-feira,São Paulo,Vasco,São Paulo,Morumbi,5,3,SP,RJ,SP
1003,26,2002-11-06,,Quarta-feira,Vitória,Guarani,Vitória,Barradão,3,1,ES,SP,ES
1004,26,2002-11-07,,Quinta-feira,Atlético-MG,Coritiba,Atlético-MG,Independência,3,1,MG,PR,MG
1005,26,2002-11-07,,Quinta-feira,Corinthians,Portuguesa,Corinthians,Pacaembu,5,2,SP,SP,SP
1006,26,2002-11-07,,Quinta-feira,Paraná,Botafogo-RJ,Paraná,Pinheirão,2,0,PR,RJ,PR
1007,27,2002-11-09,,Sábado,Grêmio,São Caetano,-,Olímpico Monumental,2,2,RS,SP,-
1008,27,2002-11-09,,Sábado,Cruzeiro,Athlético-PR,Cruzeiro,Independência,4,1,MG,PR,MG
1009,27,2002-11-09,,Sábado,Paysandu,Fluminense,Paysandu,Mangueirão,3,2,PA,RJ,PA
1010,27,2002-11-09,,Sábado,Santos,Ponte Preta,Ponte Preta,Vila Belmiro,1,3,SP,SP,SP
1011,27,2002-11-09,,Sábado,Vasco,Vitória,Vasco,São Januário,4,1,RJ,ES,RJ
1012,27,2002-11-10,,Domingo,Guarani,Bahia,-,Brinco de Ouro,1,1,SP,BA,-
1013,27,2002-11-10,,Domingo,Botafogo-RJ,Corinthians,Botafogo-RJ,Maracanã,2,1,RJ,SP,RJ
1014,27,2002-11-10,,Domingo,Coritiba,Paraná,Coritiba,Couto Pereira,2,0,PR,PR,PR
1015,27,2002-11-10,,Domingo,Portuguesa,Flamengo,Flamengo,Canindé,1,2,SP,RJ,RJ
1016,27,2002-11-10,,Domingo,Goiás,Atlético-MG,Goiás,Serra Dourada,3,1,GO,MG,GO
1017,27,2002-11-10,,Domingo,Juventude,Internacional,Juventude,Alfredo Jaconi,3,2,RS,RS,RS
1018,28,2002-11-13,,Quarta-feira,Bahia,Corinthians,-,Fonte Nova,0,0,BA,SP,-
1019,28,2002-11-13,,Quarta-feira,Palmeiras,Flamengo,-,Parque Antártica,1,1,SP,RJ,-
1020,28,2002-11-13,,Quarta-feira,Juventude,Paysandu,-,Mané Garrincha,0,0,RS,PA,-
1021,28,2002-11-13,,Quarta-feira,Atlético-MG,Gama,Atlético-MG,Independência,6,4,MG,DF,MG
1022,28,2002-11-13,,Quarta-feira,Coritiba,Figueirense,Figueirense,Couto Pereira,1,2,PR,SC,SC
1023,28,2002-11-13,,Quarta-feira,Vasco,Ponte Preta,Vasco,São Januário,2,0,RJ,SP,RJ
1024,28,2002-11-14,,Quinta-feira,Paraná,Grêmio,-,Pinheirão,1,1,PR,RS,-
1025,28,2002-11-14,,Quinta-feira,Fluminense,Portuguesa,Fluminense,Maracanã,2,0,RJ,SP,RJ
1026,28,2002-11-14,,Quinta-feira,Guarani,Botafogo-RJ,Guarani,Brinco de Ouro,2,0,SP,RJ,SP
1027,28,2002-11-14,,Quinta-feira,São Paulo,Vitória,São Paulo,Morumbi,3,2,SP,ES,SP
1028,29,2002-11-17,,Domingo,Figueirense,Paraná,-,Orlando Scarpelli,2,2,SC,PR,-
1029,29,2002-11-17,,Domingo,Corinthians,Vasco,-,Pacaembu,1,1,SP,RJ,-
1030,29,2002-11-17,,Domingo,Athlético-PR,Juventude,Athlético-PR,Arena da Baixada,4,0,PR,RS,PR
1031,29,2002-11-17,,Domingo,Portuguesa,Bahia,Bahia,Wilson de Barros,2,4,SP,BA,BA
1032,29,2002-11-17,,Domingo,Cruzeiro,Goiás,Cruzeiro,Independência,2,0,MG,GO,MG
1033,29,2002-11-17,,Domingo,Ponte Preta,Fluminense,Fluminense,Moisés Lucarelli,2,3,SP,RJ,RJ
1034,29,2002-11-17,,Domingo,Gama,Coritiba,Gama,Mané Garrincha,4,0,DF,PR,DF
1035,29,2002-11-17,,Domingo,Grêmio,Atlético-MG,Grêmio,Olímpico Monumental,1,0,RS,MG,RS
1036,29,2002-11-17,,Domingo,Paysandu,Internacional,Internacional,Mangueirão,0,2,PA,RS,RS
1037,29,2002-11-17,,Domingo,São Caetano,Santos,São Caetano,Anacleto Campanella,3,2,SP,SP,SP
1038,29,2002-11-17,,Domingo,Botafogo-RJ,São Paulo,São Paulo,Caio Martins,0,1,RJ,SP,SP
1039,29,2002-11-17,,Domingo,Vitória,Palmeiras,Vitória,Barradão,4,3,ES,SP,ES
1040,Quartas de Final,2002-11-24,,Domingo,Grêmio,JUVENTUDE,-,Olímpico Monumental,0,0,RS,RS,-
1041,Quartas de Final,2002-11-24,,Domingo,Atlético-MG,CORINTHIANS,CORINTHIANS,Mineirão,2,6,MG,SP,SP
1042,Quartas de Final,2002-11-24,,Domingo,FLUMINENSE,São Caetano,FLUMINENSE,Maracanã,3,0,RJ,SP,RJ
1043,Quartas de Final,2002-11-24,,Domingo,SANTOS,São Paulo,SANTOS,Vila Belmiro,3,1,SP,SP,SP
1044,Quartas de Final,2002-11-27,,Quarta-feira,CORINTHIANS,Atlético-MG,CORINTHIANS,Morumbi,2,1,SP,MG,SP
1045,Quartas de Final,2002-11-27,,Quarta-feira,CORINTHIANS,FLUMINENSE,CORINTHIANS,Morumbi,3,2,SP,RJ,SP
1046,Quartas de Final,2002-11-27,,Quarta-feira,JUVENTUDE,Grêmio,Grêmio,Alfredo Jaconi,0,1,RS,RS,RS
1047,Quartas de Final,2002-11-27,,Quarta-feira,Grêmio,SANTOS,Grêmio,Olímpico Monumental,1,0,RS,SP,RS
1048,Semi Final,2002-11-27,,Quarta-feira,São Caetano,FLUMINENSE,São Caetano,Anacleto Campanella,2,0,SP,RJ,SP
1049,Semi Final,2002-11-28,,Quinta-feira,São Paulo,SANTOS,SANTOS,Morumbi,1,2,SP,SP,SP
1050,Semi Final,2002-12-01,,Domingo,FLUMINENSE,CORINTHIANS,FLUMINENSE,Maracanã,1,0,RJ,SP,RJ
1051,Semi Final,2002-12-01,,Domingo,SANTOS,Grêmio,SANTOS,Vila Belmiro,3,0,SP,RS,SP
1052,Final,2002-12-08,,Domingo,SANTOS,CORINTHIANS,SANTOS,Morumbi,2,0,SP,SP,SP
1053,Final,2002-12-15,,Domingo,CORINTHIANS,SANTOS,SANTOS,Morumbi,2,3,SP,SP,SP
1054,1,2003-03-29,16h00,Sábado,Athlético-PR,Grêmio,Athlético-PR,Arena da Baixada,2,0,PR,RS,PR
1055,1,2003-03-29,16h00,Sábado,Guarani,Vasco,Guarani,Brinco de Ouro,4,2,SP,RJ,SP
1056,1,2003-03-30,16h00,Domingo,Fortaleza,Bahia,-,Castelão,0,0,CE,BA,-
1057,1,2003-03-30,16h00,Domingo,Flamengo,Coritiba,-,Maracanã,1,1,RJ,PR,-
1058,1,2003-03-30,16h00,Domingo,Vitória,Figueirense,-,Barradão,1,1,ES,SC,-
1059,1,2003-03-30,18h00,Domingo,Santos,Paraná,-,Vila Belmiro,2,2,SP,PR,-
1060,1,2003-03-30,16h00,Domingo,Goiás,Paysandu,-,Serra Dourada,2,2,GO,PA,-
1061,1,2003-03-30,16h00,Domingo,Internacional,Ponte Preta,-,Beira Rio,1,1,RS,SP,-
1062,1,2003-03-30,16h00,Domingo,Cruzeiro,São Caetano,-,Mineirão,2,2,MG,SP,-
1063,1,2003-03-30,16h00,Domingo,Juventude,São Paulo,-,Alfredo Jaconi,2,2,RS,SP,-
1064,1,2003-03-30,18h00,Domingo,Corinthians,Atlético-MG,Atlético-MG,Pacaembu,0,3,SP,MG,MG
1065,1,2003-03-30,16h00,Domingo,Criciúma,Fluminense,Criciúma,Heriberto Hulse,2,0,SC,RJ,SC
1066,2,2003-04-05,16h00,Sábado,Fluminense,Fortaleza,-,Maracanã,1,1,RJ,CE,-
1067,2,2003-04-05,16h00,Sábado,Atlético-MG,Santos,-,Mineirão,0,0,MG,SP,-
1068,2,2003-04-05,18h00,Sábado,Grêmio,Guarani,Grêmio,Olímpico Monumental,3,1,RS,SP,RS
1069,2,2003-04-05,16h00,Sábado,Coritiba,Internacional,Internacional,Couto Pereira,0,1,PR,RS,RS
1070,2,2003-04-06,16h00,Domingo,Figueirense,Corinthians,-,Orlando Scarpelli,3,3,SC,SP,-
1071,2,2003-04-06,18h00,Domingo,São Paulo,Cruzeiro,Cruzeiro,Morumbi,2,4,SP,MG,MG
1072,2,2003-04-06,16h00,Domingo,Bahia,Flamengo,Flamengo,Fonte Nova,1,2,BA,RJ,RJ
1073,2,2003-04-06,16h00,Domingo,Paraná,Athlético-PR,Paraná,Pinheirão,3,0,PR,PR,PR
1074,2,2003-04-06,16h00,Domingo,Ponte Preta,Juventude,Ponte Preta,Moisés Lucarelli,1,0,SP,RS,SP
1075,2,2003-04-06,16h00,Domingo,São Caetano,Criciúma,São Caetano,Anacleto Campanella,3,2,SP,SC,SP
1076,2,2003-04-06,18h00,Domingo,Vasco,Goiás,Vasco,São Januário,6,4,RJ,GO,RJ
1077,2,2003-04-06,16h00,Domingo,Paysandu,Vitória,Vitória,Mangueirão,1,2,PA,ES,ES
1078,4,2003-04-09,21h40,Quarta-feira,Paysandu,Santos,Paysandu,Mangueirão,2,1,PA,SP,PA
1079,3,2003-04-12,16h00,Sábado,Athlético-PR,Atlético-MG,Atlético-MG,Arena da Baixada,1,2,PR,MG,MG
1080,3,2003-04-12,18h00,Sábado,Corinthians,Paysandu,Corinthians,Pacaembu,6,1,SP,PA,SP
1081,3,2003-04-12,16h00,Sábado,Internacional,Bahia,Internacional,Beira Rio,2,0,RS,BA,RS
1082,3,2003-04-12,16h00,Sábado,Santos,Figueirense,Santos,Vila Belmiro,2,0,SP,SC,SP
1083,3,2003-04-13,16h00,Domingo,Goiás,Grêmio,-,Serra Dourada,1,1,GO,RS,-
1084,3,2003-04-13,16h00,Domingo,Fortaleza,São Caetano,-,Presidente Vargas,1,1,CE,SP,-
1085,3,2003-04-13,16h00,Domingo,Criciúma,São Paulo,-,Heriberto Hulse,1,1,SC,SP,-
1086,3,2003-04-13,18h00,Domingo,Cruzeiro,Ponte Preta,Cruzeiro,Mineirão,3,0,MG,SP,MG
1087,3,2003-04-13,18h00,Domingo,Flamengo,Fluminense,Flamengo,Maracanã,4,1,RJ,RJ,RJ
1088,3,2003-04-13,16h00,Domingo,Guarani,Paraná,Guarani,Brinco de Ouro,2,0,SP,PR,SP
1089,3,2003-04-13,16h00,Domingo,Juventude,Coritiba,Juventude,Alfredo Jaconi,2,1,RS,PR,RS
1090,3,2003-04-13,16h00,Domingo,Vitória,Vasco,Vitória,Barradão,2,1,ES,RJ,ES
1091,4,2003-04-16,20h30,Quarta-feira,Figueirense,Athlético-PR,-,Orlando Scarpelli,1,1,SC,PR,-
1092,4,2003-04-16,21h40,Quarta-feira,Vasco,Corinthians,-,São Januário,2,2,RJ,SP,-
1093,4,2003-04-16,20h30,Quarta-feira,Ponte Preta,Criciúma,-,Moisés Lucarelli,1,1,SP,SC,-
1094,4,2003-04-16,21h40,Quarta-feira,São Caetano,Flamengo,-,Anacleto Campanella,1,1,SP,RJ,-
1095,4,2003-04-16,20h30,Quarta-feira,Atlético-MG,Guarani,Atlético-MG,Mineirão,3,2,MG,SP,MG
1096,4,2003-04-16,20h30,Quarta-feira,Bahia,Juventude,Bahia,Fonte Nova,3,1,BA,RS,BA
1097,4,2003-04-16,21h40,Quarta-feira,Coritiba,Cruzeiro,Cruzeiro,Couto Pereira,3,4,PR,MG,MG
1098,4,2003-04-16,20h30,Quarta-feira,Grêmio,Vitória,Grêmio,Olímpico Monumental,2,1,RS,ES,RS
1099,4,2003-04-17,20h30,Quinta-feira,Fluminense,Internacional,Fluminense,Maracanã,3,1,RJ,RS,RJ
1100,4,2003-04-17,20h30,Quinta-feira,Paraná,Goiás,Paraná,Pinheirão,3,1,PR,GO,PR
1101,4,2003-04-17,20h30,Quinta-feira,São Paulo,Fortaleza,São Paulo,Morumbi,3,1,SP,CE,SP
1102,12,2003-04-18,20h30,Quarta-feira,Flamengo,Cruzeiro,Flamengo,Maracanã,3,0,RJ,MG,RJ
1103,5,2003-04-19,16h00,Sábado,São Caetano,Grêmio,-,Anacleto Campanella,1,1,SP,RS,-
1104,5,2003-04-19,16h00,Sábado,Bahia,Atlético-MG,Atlético-MG,Fonte Nova,2,4,BA,MG,MG
1105,5,2003-04-19,18h00,Sábado,Flamengo,Santos,Santos,Maracanã,0,2,RJ,SP,SP
1106,5,2003-04-20,18h00,Domingo,Fluminense,Paraná,-,Maracanã,0,0,RJ,PR,-
1107,5,2003-04-20,16h00,Domingo,Ponte Preta,Paysandu,-,Moisés Lucarelli,4,4,SP,PA,-
1108,5,2003-04-20,16h00,Domingo,Juventude,Vitória,-,Alfredo Jaconi,1,1,RS,ES,-
1109,5,2003-04-20,16h00,Domingo,Criciúma,Guarani,Criciúma,Heriberto Hulse,1,0,SC,SP,SC
1110,5,2003-04-20,18h00,Domingo,Cruzeiro,Goiás,Cruzeiro,Mineirão,4,1,MG,GO,MG
1111,5,2003-04-20,16h00,Domingo,Fortaleza,Athlético-PR,Fortaleza,Presidente Vargas,1,0,CE,PR,CE
1112,5,2003-04-20,16h00,Domingo,Internacional,Corinthians,Internacional,Beira Rio,2,1,RS,SP,RS
1113,5,2003-04-20,16h00,Domingo,São Paulo,Vasco,São Paulo,Morumbi,3,1,SP,RJ,SP
1114,5,2003-04-21,20h30,Segunda-feira,Coritiba,Figueirense,Coritiba,Couto Pereira,1,0,PR,SC,PR
1115,6,2003-04-26,18h00,Sábado,Guarani,Cruzeiro,-,Brinco de Ouro,1,1,SP,MG,-
1116,6,2003-04-26,16h00,Sábado,Atlético-MG,Coritiba,Coritiba,Mineirão,1,2,MG,PR,PR
1117,6,2003-04-26,16h00,Sábado,Vitória,Internacional,Internacional,Barradão,0,3,ES,RS,RS
1118,6,2003-04-26,16h00,Sábado,Paraná,Bahia,Paraná,Pinheirão,3,1,PR,BA,PR
1119,6,2003-04-27,16h00,Domingo,Corinthians,Flamengo,-,Pacaembu,1,1,SP,RJ,-
1120,6,2003-04-27,16h00,Domingo,Figueirense,Ponte Preta,-,Orlando Scarpelli,0,0,SC,SP,-
1121,6,2003-04-27,16h00,Domingo,Athlético-PR,Criciúma,Athlético-PR,Arena da Baixada,4,2,PR,SC,PR
1122,6,2003-04-27,16h00,Domingo,Grêmio,Fluminense,Fluminense,Olímpico Monumental,0,1,RS,RJ,RJ
1123,6,2003-04-27,16h00,Domingo,Goiás,Juventude,Goiás,Serra Dourada,7,0,GO,RS,GO
1124,6,2003-04-27,18h00,Domingo,Paysandu,São Paulo,Paysandu,Mangueirão,5,2,PA,SP,PA
1125,6,2003-04-27,16h00,Domingo,Santos,Fortaleza,Santos,Vila Belmiro,4,0,SP,CE,SP
1126,6,2003-04-27,18h00,Domingo,Vasco,São Caetano,Vasco,São Januário,1,0,RJ,SP,RJ
1127,7,2003-05-03,16h00,Sábado,Bahia,Grêmio,Bahia,Fonte Nova,2,1,BA,RS,BA
1128,7,2003-05-03,18h00,Sábado,Cruzeiro,Athlético-PR,Cruzeiro,Mineirão,5,2,MG,PR,MG
1129,7,2003-05-03,16h00,Sábado,Flamengo,Vitória,Flamengo,Maracanã,2,1,RJ,ES,RJ
1130,7,2003-05-04,16h00,Domingo,Juventude,Guarani,-,Alfredo Jaconi,1,1,RS,SP,-
1131,7,2003-05-04,18h00,Domingo,Fluminense,Vasco,-,Maracanã,0,0,RJ,RJ,-
1132,7,2003-05-04,16h00,Domingo,Fortaleza,Corinthians,Corinthians,Castelão,1,2,CE,SP,SP
1133,7,2003-05-04,16h00,Domingo,Coritiba,Paraná,Coritiba,Couto Pereira,2,1,PR,PR,PR
1134,7,2003-05-04,16h00,Domingo,Internacional,Goiás,Internacional,Beira Rio,2,1,RS,GO,RS
1135,7,2003-05-04,16h00,Domingo,Ponte Preta,Atlético-MG,Ponte Preta,Moisés Lucarelli,2,1,SP,MG,SP
1136,7,2003-05-04,18h00,Domingo,Criciúma,Santos,Santos,Heriberto Hulse,1,3,SC,SP,SP
1137,7,2003-05-04,16h00,Domingo,São Caetano,Paysandu,São Caetano,Anacleto Campanella,2,0,SP,PA,SP
1138,7,2003-05-04,16h00,Domingo,São Paulo,Figueirense,São Paulo,Morumbi,3,2,SP,SC,SP
1139,8,2003-05-10,16h00,Sábado,Goiás,Flamengo,-,Serra Dourada,1,1,GO,RJ,-
1140,8,2003-05-10,18h00,Sábado,Corinthians,Criciúma,Corinthians,Pacaembu,3,0,SP,SC,SP
1141,8,2003-05-10,16h00,Sábado,Santos,Cruzeiro,Cruzeiro,Vila Belmiro,0,2,SP,MG,MG
1142,8,2003-05-10,16h00,Sábado,Paraná,Ponte Preta,Paraná,Pinheirão,3,2,PR,SP,PR
1143,8,2003-05-11,16h00,Domingo,Vasco,Bahia,-,São Januário,1,1,RJ,BA,-
1144,8,2003-05-11,16h00,Domingo,Paysandu,Fluminense,-,Mangueirão,2,2,PA,RJ,-
1145,8,2003-05-11,16h00,Domingo,Atlético-MG,São Paulo,-,Mineirão,2,2,MG,SP,-
1146,8,2003-05-11,16h00,Domingo,Athlético-PR,Juventude,Athlético-PR,Arena da Baixada,2,0,PR,RS,PR
1147,8,2003-05-11,16h00,Domingo,Figueirense,São Caetano,Figueirense,Orlando Scarpelli,3,0,SC,SP,SC
1148,8,2003-05-11,18h00,Domingo,Grêmio,Coritiba,Grêmio,Olímpico Monumental,1,0,RS,PR,RS
1149,8,2003-05-11,16h00,Domingo,Guarani,Internacional,Guarani,Brinco de Ouro,3,0,SP,RS,SP
1150,8,2003-05-11,16h00,Domingo,Vitória,Fortaleza,Vitória,Barradão,2,1,ES,CE,ES
1151,9,2003-05-17,18h00,Sábado,Juventude,Santos,-,Alfredo Jaconi,1,1,RS,SP,-
1152,9,2003-05-17,16h00,Sábado,Fluminense,Figueirense,Fluminense,Maracanã,3,0,RJ,SC,RJ
1153,9,2003-05-17,16h00,Sábado,São Caetano,Atlético-MG,São Caetano,Anacleto Campanella,2,0,SP,MG,SP
1154,9,2003-05-18,16h00,Domingo,Internacional,Athlético-PR,-,Beira Rio,1,1,RS,PR,-
1155,9,2003-05-18,16h00,Domingo,Cruzeiro,Corinthians,-,Mineirão,1,1,MG,SP,-
1156,9,2003-05-18,18h00,Domingo,Flamengo,Guarani,-,Maracanã,1,1,RJ,SP,-
1157,9,2003-05-18,16h00,Domingo,Coritiba,Vasco,-,Couto Pereira,1,1,PR,RJ,-
1158,9,2003-05-18,16h00,Domingo,Criciúma,Vitória,-,Heriberto Hulse,1,1,SC,ES,-
1159,9,2003-05-18,16h00,Domingo,Bahia,Paysandu,Bahia,Fonte Nova,2,0,BA,PA,BA
1160,9,2003-05-18,16h00,Domingo,Fortaleza,Goiás,Fortaleza,Castelão,1,0,CE,GO,CE
1161,9,2003-05-18,16h00,Domingo,Ponte Preta,Grêmio,Ponte Preta,Moisés Lucarelli,2,1,SP,RS,SP
1162,9,2003-05-18,18h00,Domingo,São Paulo,Paraná,São Paulo,Morumbi,2,0,SP,PR,SP
1163,10,2003-05-24,16h00,Sábado,Paraná,São Caetano,-,Pinheirão,1,1,PR,SP,-
1164,10,2003-05-24,16h00,Sábado,Atlético-MG,Fluminense,Atlético-MG,Independência,3,0,MG,RJ,MG
1165,10,2003-05-24,16h00,Sábado,Corinthians,Juventude,Corinthians,Pacaembu,3,0,SP,RS,SP
1166,10,2003-05-24,18h00,Sábado,Vasco,Ponte Preta,Vasco,São Januário,1,0,RJ,SP,RJ
1167,10,2003-05-25,16h00,Domingo,Athlético-PR,Flamengo,Athlético-PR,Arena da Baixada,4,1,PR,RJ,PR
1168,10,2003-05-25,16h00,Domingo,Paysandu,Coritiba,Coritiba,Mangueirão,1,3,PA,PR,PR
1169,10,2003-05-25,16h00,Domingo,Goiás,Criciúma,Criciúma,Serra Dourada,0,2,GO,SC,SC
1170,10,2003-05-25,16h00,Domingo,Figueirense,Bahia,Figueirense,Orlando Scarpelli,1,0,SC,BA,SC
1171,10,2003-05-25,16h00,Domingo,Guarani,Fortaleza,Guarani,Brinco de Ouro,2,1,SP,CE,SP
1172,10,2003-05-25,18h00,Domingo,Santos,Internacional,Santos,Vila Belmiro,2,1,SP,RS,SP
1173,10,2003-05-25,16h00,Domingo,Grêmio,São Paulo,São Paulo,Olímpico Monumental,1,2,RS,SP,SP
1174,10,2003-05-25,18h00,Domingo,Vitória,Cruzeiro,Vitória,Barradão,2,1,ES,MG,ES
1175,11,2003-05-31,16h00,Sábado,Ponte Preta,São Caetano,-,Moisés Lucarelli,0,0,SP,SP,-
1176,11,2003-05-31,16h00,Sábado,Coritiba,Guarani,Coritiba,Couto Pereira,3,2,PR,SP,PR
1177,11,2003-05-31,16h00,Sábado,Cruzeiro,Criciúma,Cruzeiro,Mineirão,2,0,MG,SC,MG
1178,11,2003-05-31,16h00,Sábado,Fluminense,Athlético-PR,Fluminense,Edson Passos,2,1,RJ,PR,RJ
1179,11,2003-05-31,18h00,Sábado,Internacional,Paysandu,Internacional,Beira Rio,2,1,RS,PA,RS
1180,11,2003-06-01,18h00,Domingo,Vasco,Atlético-MG,-,São Januário,2,2,RJ,MG,-
1181,11,2003-06-01,16h00,Domingo,Bahia,Goiás,Bahia,Fonte Nova,2,1,BA,GO,BA
1182,11,2003-06-01,18h00,Domingo,Corinthians,Vitória,Corinthians,Pacaembu,4,0,SP,ES,SP
1183,11,2003-06-01,16h00,Domingo,Figueirense,Grêmio,Figueirense,Orlando Scarpelli,2,1,SC,RS,SC
1184,11,2003-06-01,16h00,Domingo,Fortaleza,Juventude,Fortaleza,Castelão,3,1,CE,RS,CE
1185,11,2003-06-01,16h00,Domingo,Paraná,Flamengo,Paraná,Pinheirão,6,2,PR,RJ,PR
1186,11,2003-06-01,16h00,Domingo,Santos,São Paulo,Santos,Vila Belmiro,3,2,SP,SP,SP
1187,12,2003-06-07,18h00,Sábado,Atlético-MG,Figueirense,-,Independência,1,1,MG,SC,-
1188,12,2003-06-07,16h00,Sábado,Grêmio,Fortaleza,Grêmio,Olímpico Monumental,3,1,RS,CE,RS
1189,12,2003-06-07,16h00,Sábado,Guarani,Santos,Santos,Brinco de Ouro,1,2,SP,SP,SP
1190,12,2003-06-07,16h00,Sábado,Vitória,Fluminense,Vitória,Barradão,2,1,ES,RJ,ES
1191,12,2003-06-08,18h00,Domingo,São Paulo,Bahia,-,Morumbi,2,2,SP,BA,-
1192,12,2003-06-08,16h00,Domingo,Juventude,Vasco,-,Alfredo Jaconi,0,0,RS,RJ,-
1193,12,2003-06-08,16h00,Domingo,Athlético-PR,Ponte Preta,Athlético-PR,Arena da Baixada,4,2,PR,SP,PR
1194,12,2003-06-08,16h00,Domingo,Goiás,Coritiba,Coritiba,Serra Dourada,1,2,GO,PR,PR
1195,12,2003-06-08,18h00,Domingo,Criciúma,Internacional,Criciúma,Heriberto Hulse,1,0,SC,RS,SC
1196,12,2003-06-08,16h00,Domingo,Paysandu,Paraná,Paysandu,Mangueirão,3,0,PA,PR,PA
1197,12,2003-06-08,16h00,Domingo,São Caetano,Corinthians,São Caetano,Anacleto Campanella,1,0,SP,SP,SP
1198,13,2003-06-14,18h00,Sábado,Coritiba,Athlético-PR,Coritiba,Couto Pereira,2,0,PR,PR,PR
1199,13,2003-06-14,16h00,Sábado,Fluminense,Goiás,Goiás,Maracanã,2,3,RJ,GO,GO
1200,13,2003-06-14,16h00,Sábado,Ponte Preta,Guarani,Guarani,Moisés Lucarelli,0,2,SP,SP,SP
1201,13,2003-06-15,18h00,Domingo,Cruzeiro,Atlético-MG,-,Mineirão,0,0,MG,MG,-
1202,13,2003-06-15,16h00,Domingo,Grêmio,Internacional,-,Olímpico Monumental,0,0,RS,RS,-
1203,13,2003-06-15,16h00,Domingo,Bahia,Vitória,Bahia,Fonte Nova,2,1,BA,ES,BA
1204,13,2003-06-15,16h00,Domingo,Criciúma,Figueirense,Criciúma,Heriberto Hulse,1,0,SC,SC,SC
1205,13,2003-06-15,18h00,Domingo,Vasco,Flamengo,Flamengo,Maracanã,1,2,RJ,RJ,RJ
1206,13,2003-06-15,16h00,Domingo,Paraná,Juventude,Juventude,Pinheirão,1,2,PR,RS,RS
1207,13,2003-06-15,16h00,Domingo,Fortaleza,Paysandu,Paysandu,Presidente Vargas,1,2,CE,PA,PA
1208,13,2003-06-15,16h00,Domingo,Santos,São Caetano,São Caetano,Vila Belmiro,0,1,SP,SP,SP
1209,13,2003-06-15,16h00,Domingo,Corinthians,São Paulo,São Paulo,Morumbi,1,2,SP,SP,SP
1210,14,2003-06-19,16h00,Quinta-feira,Bahia,Coritiba,-,Fonte Nova,2,2,BA,PR,-
1211,14,2003-06-21,16h00,Sábado,Atlético-MG,Grêmio,Atlético-MG,Mineirão,3,2,MG,RS,MG
1212,14,2003-06-21,16h00,Sábado,Internacional,Paraná,Internacional,Beira Rio,2,1,RS,PR,RS
1213,14,2003-06-21,18h00,Sábado,São Paulo,Goiás,São Paulo,Morumbi,1,0,SP,GO,SP
1214,14,2003-06-21,16h00,Sábado,Vasco,Criciúma,Vasco,São Januário,2,0,RJ,SC,RJ
1215,14,2003-06-22,16h00,Domingo,Ponte Preta,Corinthians,-,Moisés Lucarelli,3,3,SP,SP,-
1216,14,2003-06-22,16h00,Domingo,Paysandu,Flamengo,-,Mangueirão,2,2,PA,RJ,-
1217,14,2003-06-22,16h00,Domingo,Figueirense,Fortaleza,-,Orlando Scarpelli,2,2,SC,CE,-
1218,14,2003-06-22,18h00,Domingo,Juventude,Cruzeiro,Cruzeiro,Alfredo Jaconi,0,1,RS,MG,MG
1219,14,2003-06-22,18h00,Domingo,Fluminense,Guarani,Fluminense,Maracanã,5,2,RJ,SP,RJ
1220,14,2003-06-22,16h00,Domingo,São Caetano,Vitória,São Caetano,Anacleto Campanella,2,1,SP,ES,SP
1221,15,2003-06-28,16h00,Sábado,Coritiba,São Caetano,Coritiba,Couto Pereira,2,0,PR,SP,PR
1222,15,2003-06-28,18h00,Sábado,Flamengo,Figueirense,Figueirense,Maracanã,0,2,RJ,SC,SC
1223,15,2003-06-28,16h00,Sábado,Grêmio,Juventude,Juventude,Olímpico Monumental,1,4,RS,RS,RS
1224,15,2003-06-28,16h00,Sábado,Santos,Bahia,Santos,Vila Belmiro,4,0,SP,BA,SP
1225,15,2003-06-28,16h00,Sábado,Fortaleza,Vasco,Vasco,Castelão,0,1,CE,RJ,RJ
1226,15,2003-06-29,18h00,Domingo,Paraná,Atlético-MG,-,Pinheirão,1,1,PR,MG,-
1227,15,2003-06-29,16h00,Domingo,Corinthians,Fluminense,Corinthians,Pacaembu,1,0,SP,RJ,SP
1228,15,2003-06-29,16h00,Domingo,Criciúma,Paysandu,Criciúma,Heriberto Hulse,2,0,SC,PA,SC
1229,15,2003-06-29,18h00,Domingo,Cruzeiro,Internacional,Cruzeiro,Mineirão,3,2,MG,RS,MG
1230,15,2003-06-29,16h00,Domingo,Guarani,São Paulo,São Paulo,Brinco de Ouro,0,1,SP,SP,SP
1231,15,2003-06-29,16h00,Domingo,Vitória,Athlético-PR,Vitória,Barradão,1,0,ES,PR,ES
1232,16,2003-07-05,16h00,Sábado,São Paulo,São Caetano,-,Morumbi,1,1,SP,SP,-
1233,16,2003-07-05,16h00,Sábado,Atlético-MG,Paysandu,Atlético-MG,Independência,3,2,MG,PA,MG
1234,16,2003-07-05,16h00,Sábado,Figueirense,Cruzeiro,Figueirense,Orlando Scarpelli,1,0,SC,MG,SC
1235,16,2003-07-05,16h00,Sábado,Vasco,Paraná,Paraná,São Januário,1,4,RJ,PR,PR
1236,16,2003-07-06,16h00,Domingo,Juventude,Internacional,-,Alfredo Jaconi,1,1,RS,RS,-
1237,16,2003-07-06,16h00,Domingo,Athlético-PR,Corinthians,Athlético-PR,Arena da Baixada,3,1,PR,SP,PR
1238,16,2003-07-06,16h00,Domingo,Fortaleza,Criciúma,Criciúma,Presidente Vargas,0,1,CE,SC,SC
1239,16,2003-07-06,18h00,Domingo,Fluminense,Bahia,Fluminense,Maracanã,1,0,RJ,BA,RJ
1240,16,2003-07-06,16h00,Domingo,Grêmio,Flamengo,Grêmio,Olímpico Monumental,2,0,RS,RJ,RS
1241,16,2003-07-06,16h00,Domingo,Guarani,Goiás,Guarani,Brinco de Ouro,3,2,SP,GO,SP
1242,16,2003-07-06,16h00,Domingo,Vitória,Ponte Preta,Ponte Preta,Barradão,1,4,ES,SP,SP
1243,16,2003-07-06,18h00,Domingo,Santos,Coritiba,Santos,Vila Belmiro,3,1,SP,PR,SP
1244,17,2003-07-09,16h00,Quarta-feira,São Caetano,Athlético-PR,-,Anacleto Campanella,0,0,SP,PR,-
1245,17,2003-07-09,16h00,Quarta-feira,Corinthians,Santos,-,Morumbi,1,1,SP,SP,-
1246,17,2003-07-09,20h30,Quarta-feira,Goiás,Vitória,-,Serra Dourada,1,1,GO,ES,-
1247,17,2003-07-09,20h30,Quarta-feira,Bahia,Guarani,Bahia,Fonte Nova,2,0,BA,SP,BA
1248,17,2003-07-09,20h30,Quarta-feira,Cruzeiro,Fortaleza,Cruzeiro,Mineirão,2,0,MG,CE,MG
1249,17,2003-07-09,20h30,Quarta-feira,Flamengo,Juventude,Flamengo,Maracanã,2,1,RJ,RS,RJ
1250,17,2003-07-09,21h40,Quarta-feira,Internacional,Vasco,Internacional,Beira Rio,2,1,RS,RJ,RS
1251,17,2003-07-09,20h30,Quarta-feira,Paysandu,Figueirense,Paysandu,Mangueirão,1,0,PA,SC,PA
1252,17,2003-07-09,21h40,Quarta-feira,Coritiba,São Paulo,São Paulo,Couto Pereira,0,2,PR,SP,SP
1253,17,2003-07-10,20h30,Quinta-feira,Criciúma,Atlético-MG,Criciúma,Heriberto Hulse,1,0,SC,MG,SC
1254,17,2003-07-10,20h30,Quinta-feira,Paraná,Grêmio,Paraná,Pinheirão,3,1,PR,RS,PR
1255,17,2003-07-10,20h30,Quinta-feira,Ponte Preta,Fluminense,Ponte Preta,Moisés Lucarelli,3,0,SP,RJ,SP
1256,18,2003-07-12,16h00,Sábado,Athlético-PR,Goiás,-,Arena da Baixada,0,0,PR,GO,-
1257,18,2003-07-12,16h00,Sábado,Fortaleza,Internacional,Fortaleza,Castelão,3,0,CE,RS,CE
1258,18,2003-07-12,18h00,Sábado,Vasco,Paysandu,Paysandu,São Januário,0,2,RJ,PA,PA
1259,18,2003-07-13,16h00,Domingo,Atlético-MG,Flamengo,Atlético-MG,Mineirão,1,0,MG,RJ,MG
1260,18,2003-07-13,16h00,Domingo,Corinthians,Coritiba,Coritiba,Morumbi,0,1,SP,PR,PR
1261,18,2003-07-13,16h00,Domingo,Criciúma,Juventude,Criciúma,Heriberto Hulse,3,0,SC,RS,SC
1262,18,2003-07-13,18h00,Domingo,Grêmio,Cruzeiro,Cruzeiro,Olímpico Monumental,0,1,RS,MG,MG
1263,18,2003-07-13,16h00,Domingo,Figueirense,Paraná,Figueirense,Orlando Scarpelli,4,2,SC,PR,SC
1264,18,2003-07-13,16h00,Domingo,São Caetano,Guarani,Guarani,Anacleto Campanella,0,2,SP,SP,SP
1265,18,2003-07-13,16h00,Domingo,Ponte Preta,Bahia,Ponte Preta,Moisés Lucarelli,1,0,SP,BA,SP
1266,18,2003-07-13,16h00,Domingo,Fluminense,São Paulo,São Paulo,Maracanã,1,3,RJ,SP,SP
1267,18,2003-07-13,18h00,Domingo,Vitória,Santos,Vitória,Barradão,2,0,ES,SP,ES
1268,19,2003-07-16,20h30,Quarta-feira,Internacional,Atlético-MG,-,Beira Rio,3,3,RS,MG,-
1269,19,2003-07-16,21h40,Quarta-feira,Goiás,Corinthians,-,Serra Dourada,1,1,GO,SP,-
1270,19,2003-07-16,20h30,Quarta-feira,Bahia,São Caetano,-,Fonte Nova,0,0,BA,SP,-
1271,19,2003-07-16,20h30,Quarta-feira,Guarani,Vitória,-,Brinco de Ouro,2,2,SP,ES,-
1272,19,2003-07-16,20h30,Quarta-feira,Coritiba,Fluminense,Coritiba,Couto Pereira,3,0,PR,RJ,PR
1273,19,2003-07-16,21h40,Quarta-feira,Cruzeiro,Vasco,Cruzeiro,Mineirão,4,1,MG,RJ,MG
1274,19,2003-07-16,20h30,Quarta-feira,Juventude,Figueirense,Figueirense,Alfredo Jaconi,1,2,RS,SC,SC
1275,19,2003-07-16,20h30,Quarta-feira,Flamengo,Fortaleza,Fortaleza,Maracanã,0,2,RJ,CE,CE
1276,19,2003-07-16,21h40,Quarta-feira,Santos,Ponte Preta,Santos,Vila Belmiro,2,1,SP,SP,SP
1277,19,2003-07-17,20h30,Quinta-feira,Paysandu,Grêmio,-,Mangueirão,1,1,PA,RS,-
1278,19,2003-07-17,20h30,Quinta-feira,São Paulo,Athlético-PR,São Paulo,Morumbi,2,0,SP,PR,SP
1279,20,2003-07-19,16h00,Sábado,Corinthians,Guarani,Corinthians,Pacaembu,1,0,SP,SP,SP
1280,20,2003-07-19,16h00,Sábado,Fortaleza,Atlético-MG,Fortaleza,Castelão,4,3,CE,MG,CE
1281,20,2003-07-19,18h00,Sábado,Internacional,Figueirense,Internacional,Beira Rio,3,0,RS,SC,RS
1282,20,2003-07-19,16h00,Sábado,Fluminense,Santos,Santos,Giulite Coutinho,1,4,RJ,SP,SP
1283,20,2003-07-20,16h00,Domingo,Ponte Preta,Coritiba,-,Moisés Lucarelli,1,1,SP,PR,-
1284,20,2003-07-20,16h00,Domingo,Athlético-PR,Bahia,Athlético-PR,Arena da Baixada,2,1,PR,BA,PR
1285,20,2003-07-20,16h00,Domingo,Criciúma,Flamengo,Criciúma,Heriberto Hulse,4,3,SC,RJ,SC
1286,20,2003-07-20,18h00,Domingo,Cruzeiro,Paraná,Cruzeiro,Mineirão,5,1,MG,PR,MG
1287,20,2003-07-20,16h00,Domingo,Goiás,São Caetano,Goiás,Serra Dourada,2,1,GO,SP,GO
1288,20,2003-07-20,16h00,Domingo,Juventude,Paysandu,Juventude,Alfredo Jaconi,2,0,RS,PA,RS
1289,20,2003-07-20,16h00,Domingo,Vitória,São Paulo,São Paulo,Barradão,0,2,ES,SP,SP
1290,20,2003-07-20,18h00,Domingo,Vasco,Grêmio,Vasco,São Januário,2,0,RJ,RS,RJ
1291,21,2003-07-23,21h40,Quarta-feira,Bahia,Corinthians,-,Fonte Nova,0,0,BA,SP,-
1292,21,2003-07-23,21h40,Quarta-feira,Santos,Goiás,-,Vila Belmiro,3,3,SP,GO,-
1293,21,2003-07-23,21h40,Quarta-feira,Figueirense,Vasco,-,Orlando Scarpelli,0,0,SC,RJ,-
1294,21,2003-07-23,20h30,Quarta-feira,Atlético-MG,Juventude,Atlético-MG,Mineirão,2,1,MG,RS,MG
1295,21,2003-07-23,20h30,Quarta-feira,Guarani,Athlético-PR,Guarani,Brinco de Ouro,1,0,SP,PR,SP
1296,21,2003-07-23,20h30,Quarta-feira,Paraná,Fortaleza,Paraná,Pinheirão,4,1,PR,CE,PR
1297,21,2003-07-23,20h30,Quarta-feira,Paysandu,Cruzeiro,Paysandu,Mangueirão,3,0,PA,MG,PA
1298,21,2003-07-24,20h30,Quinta-feira,Coritiba,Vitória,-,Couto Pereira,1,1,PR,ES,-
1299,21,2003-07-24,20h30,Quinta-feira,Grêmio,Criciúma,Criciúma,Olímpico Monumental,0,2,RS,SC,SC
1300,21,2003-07-24,20h30,Quinta-feira,Flamengo,Internacional,Flamengo,Maracanã,2,1,RJ,RS,RJ
1301,21,2003-07-24,20h30,Quinta-feira,São Paulo,Ponte Preta,Ponte Preta,Morumbi,1,2,SP,SP,SP
1302,21,2003-07-24,20h30,Quinta-feira,São Caetano,Fluminense,São Caetano,Anacleto Campanella,2,0,SP,RJ,SP
1303,22,2003-07-26,16h00,Sábado,Goiás,Atlético-MG,-,Serra Dourada,1,1,GO,MG,-
1304,22,2003-07-26,16h00,Sábado,Athlético-PR,Paysandu,-,Arena da Baixada,1,1,PR,PA,-
1305,22,2003-07-26,16h00,Sábado,Santos,Vasco,Santos,Vila Belmiro,2,1,SP,RJ,SP
1306,22,2003-07-27,18h00,Domingo,Internacional,São Caetano,-,Beira Rio,0,0,RS,SP,-
1307,22,2003-07-27,16h00,Domingo,Flamengo,São Paulo,-,Maracanã,1,1,RJ,SP,-
1308,22,2003-07-27,16h00,Domingo,Corinthians,Grêmio,Corinthians,Pacaembu,1,0,SP,RS,SP
1309,22,2003-07-27,16h00,Domingo,Criciúma,Coritiba,Coritiba,Heriberto Hulse,2,3,SC,PR,PR
1310,22,2003-07-27,18h00,Domingo,Cruzeiro,Bahia,Cruzeiro,Mineirão,5,2,MG,BA,MG
1311,22,2003-07-27,16h00,Domingo,Guarani,Figueirense,Guarani,Brinco de Ouro,3,0,SP,SC,SP
1312,22,2003-07-27,16h00,Domingo,Juventude,Fluminense,Juventude,Alfredo Jaconi,2,1,RS,RJ,RS
1313,22,2003-07-27,16h00,Domingo,Vitória,Paraná,Paraná,Barradão,0,3,ES,PR,PR
1314,22,2003-07-27,09h00,Domingo,Fortaleza,Ponte Preta,Ponte Preta,Castelão,2,3,CE,SP,SP
1315,15,2003-07-30,20h30,Quarta-feira,Goiás,Ponte Preta,-,Serra Dourada,0,0,GO,SP,-
1316,15,2003-07-30,20h30,Quarta-feira,Athlético-PR,Santos,Santos,Arena da Baixada,0,2,PR,SP,SP
1317,19,2003-07-31,20h30,Quinta-feira,Paraná,Criciúma,Paraná,Pinheirão,2,1,PR,SC,PR
1318,23,2003-08-02,16h00,Sábado,Fluminense,Cruzeiro,-,Giulite Coutinho,2,2,RJ,MG,-
1319,23,2003-08-02,18h00,Sábado,São Caetano,Juventude,-,Anacleto Campanella,1,1,SP,RS,-
1320,23,2003-08-02,16h00,Sábado,Grêmio,Santos,Grêmio,Olímpico Monumental,2,0,RS,SP,RS
1321,23,2003-08-02,18h00,Sábado,São Paulo,Internacional,Internacional,Morumbi,0,2,SP,RS,RS
1322,23,2003-08-03,16h00,Domingo,Paraná,Corinthians,-,Arena da Baixada,1,1,PR,SP,-
1323,23,2003-08-03,16h00,Domingo,Bahia,Criciúma,-,Fonte Nova,2,2,BA,SC,-
1324,23,2003-08-03,16h00,Domingo,Ponte Preta,Flamengo,-,Moisés Lucarelli,1,1,SP,RJ,-
1325,23,2003-08-03,16h00,Domingo,Coritiba,Fortaleza,-,Couto Pereira,1,1,PR,CE,-
1326,23,2003-08-03,18h00,Domingo,Atlético-MG,Vitória,Atlético-MG,Mineirão,1,0,MG,ES,MG
1327,23,2003-08-03,16h00,Domingo,Figueirense,Goiás,Goiás,Orlando Scarpelli,0,1,SC,GO,GO
1328,23,2003-08-03,16h00,Domingo,Paysandu,Guarani,Paysandu,Mangueirão,6,1,PA,SP,PA
1329,23,2003-08-03,18h00,Domingo,Vasco,Athlético-PR,Vasco,São Januário,2,1,RJ,PR,RJ
1330,24,2003-08-06,21h40,Quarta-feira,Santos,Atlético-MG,-,Vila Belmiro,3,3,SP,MG,-
1331,24,2003-08-06,20h30,Quarta-feira,Vitória,Paysandu,-,Barradão,1,1,ES,PA,-
1332,24,2003-08-06,20h30,Quarta-feira,Juventude,Ponte Preta,-,Alfredo Jaconi,0,0,RS,SP,-
1333,24,2003-08-06,21h40,Quarta-feira,Cruzeiro,São Paulo,-,Mineirão,1,1,MG,SP,-
1334,24,2003-08-06,20h30,Quarta-feira,Athlético-PR,Paraná,Athlético-PR,Arena da Baixada,1,0,PR,PR,PR
1335,24,2003-08-06,20h30,Quarta-feira,Fortaleza,Fluminense,Fortaleza,Castelão,3,1,CE,RJ,CE
1336,24,2003-08-06,21h40,Quarta-feira,Goiás,Vasco,Goiás,Serra Dourada,3,1,GO,RJ,GO
1337,24,2003-08-06,20h30,Quarta-feira,Criciúma,São Caetano,São Caetano,Heriberto Hulse,0,1,SC,SP,SP
1338,24,2003-08-07,20h30,Quinta-feira,Corinthians,Figueirense,Figueirense,Pacaembu,0,1,SP,SC,SC
1339,24,2003-08-07,20h30,Quinta-feira,Flamengo,Bahia,Flamengo,Maracanã,6,0,RJ,BA,RJ
1340,24,2003-08-07,20h30,Quinta-feira,Guarani,Grêmio,Guarani,Brinco de Ouro,2,0,SP,RS,SP
1341,24,2003-08-07,15h00,Quinta-feira,Internacional,Coritiba,Internacional,Beira Rio,1,0,RS,PR,RS
1342,25,2003-08-09,16h00,Sábado,Fluminense,Criciúma,-,Maracanã,1,1,RJ,SC,-
1343,25,2003-08-09,16h00,Sábado,Paraná,Santos,Santos,Couto Pereira,1,2,PR,SP,SP
1344,25,2003-08-09,16h00,Sábado,São Caetano,Cruzeiro,São Caetano,Anacleto Campanella,2,0,SP,MG,SP
1345,25,2003-08-09,18h00,Sábado,São Paulo,Juventude,São Paulo,Morumbi,3,1,SP,RS,SP
1346,25,2003-08-10,18h00,Domingo,Grêmio,Athlético-PR,-,Olímpico Monumental,1,1,RS,PR,-
1347,25,2003-08-10,16h00,Domingo,Paysandu,Goiás,-,Mangueirão,2,2,PA,GO,-
1348,25,2003-08-10,18h00,Domingo,Vasco,Guarani,-,São Januário,0,0,RJ,SP,-
1349,25,2003-08-10,16h00,Domingo,Bahia,Fortaleza,Bahia,Fonte Nova,1,0,BA,CE,BA
1350,25,2003-08-10,16h00,Domingo,Atlético-MG,Corinthians,Corinthians,Mineirão,2,3,MG,SP,SP
1351,25,2003-08-10,16h00,Domingo,Coritiba,Flamengo,Coritiba,Couto Pereira,5,0,PR,RJ,PR
1352,25,2003-08-10,16h00,Domingo,Ponte Preta,Internacional,Internacional,Moisés Lucarelli,1,4,SP,RS,RS
1353,25,2003-08-10,16h00,Domingo,Figueirense,Vitória,Vitória,Orlando Scarpelli,1,2,SC,ES,ES
1354,26,2003-08-16,18h00,Sábado,São Paulo,Criciúma,-,Santa Cruz,0,0,SP,SC,-
1355,26,2003-08-16,18h00,Sábado,Atlético-MG,Athlético-PR,Athlético-PR,Mineirão,1,2,MG,PR,PR
1356,26,2003-08-16,16h00,Sábado,Coritiba,Juventude,Coritiba,Couto Pereira,1,0,PR,RS,PR
1357,26,2003-08-16,16h00,Sábado,Figueirense,Santos,Figueirense,Orlando Scarpelli,1,0,SC,SP,SC
1358,26,2003-08-16,16h00,Sábado,Bahia,Internacional,Internacional,Fonte Nova,1,3,BA,RS,RS
1359,26,2003-08-16,16h00,Sábado,Vasco,Vitória,Vasco,São Januário,1,0,RJ,ES,RJ
1360,26,2003-08-17,16h00,Domingo,Paysandu,Corinthians,-,Mangueirão,2,2,PA,SP,-
1361,26,2003-08-17,16h00,Domingo,Paraná,Guarani,-,Pinheirão,0,0,PR,SP,-
1362,26,2003-08-17,16h00,Domingo,Ponte Preta,Cruzeiro,Cruzeiro,Moisés Lucarelli,1,3,SP,MG,MG
1363,26,2003-08-17,18h00,Domingo,Fluminense,Flamengo,Flamengo,Maracanã,0,1,RJ,RJ,RJ
1364,26,2003-08-17,16h00,Domingo,Grêmio,Goiás,Goiás,Olímpico Monumental,0,1,RS,GO,GO
1365,26,2003-08-17,16h00,Domingo,São Caetano,Fortaleza,São Caetano,Anacleto Campanella,3,0,SP,CE,SP
1366,27,2003-08-20,20h30,Quarta-feira,Cruzeiro,Coritiba,-,Mineirão,2,2,MG,PR,-
1367,27,2003-08-20,21h40,Quarta-feira,Corinthians,Vasco,-,Pacaembu,0,0,SP,RJ,-
1368,27,2003-08-20,20h30,Quarta-feira,Athlético-PR,Figueirense,Figueirense,Arena da Baixada,1,2,PR,SC,SC
1369,27,2003-08-20,20h30,Quarta-feira,Flamengo,São Caetano,Flamengo,Maracanã,1,0,RJ,SP,RJ
1370,27,2003-08-20,20h30,Quarta-feira,Goiás,Paraná,Goiás,Serra Dourada,1,0,GO,PR,GO
1371,27,2003-08-20,20h30,Quarta-feira,Juventude,Bahia,Juventude,Alfredo Jaconi,1,0,RS,BA,RS
1372,27,2003-08-20,21h40,Quarta-feira,Santos,Paysandu,Santos,Vila Belmiro,2,0,SP,PA,SP
1373,27,2003-08-20,21h40,Quarta-feira,Fortaleza,São Paulo,São Paulo,Castelão,0,2,CE,SP,SP
1374,27,2003-08-20,20h30,Quarta-feira,Vitória,Grêmio,Vitória,Barradão,4,1,ES,RS,ES
1375,27,2003-08-21,20h30,Quinta-feira,Guarani,Atlético-MG,-,Brinco de Ouro,2,2,SP,MG,-
1376,27,2003-08-21,20h30,Quinta-feira,Criciúma,Ponte Preta,Criciúma,Heriberto Hulse,3,0,SC,SP,SC
1377,27,2003-08-21,15h00,Quinta-feira,Internacional,Fluminense,Fluminense,Beira Rio,0,1,RS,RJ,RJ
1378,28,2003-08-23,18h00,Sábado,Grêmio,São Caetano,-,Olímpico Monumental,0,0,RS,SP,-
1379,28,2003-08-23,16h00,Sábado,Athlético-PR,Fortaleza,Athlético-PR,Arena da Baixada,3,1,PR,CE,PR
1380,28,2003-08-23,16h00,Sábado,Goiás,Cruzeiro,Goiás,Serra Dourada,1,0,GO,MG,GO
1381,28,2003-08-23,16h00,Sábado,Santos,Flamengo,Santos,Vila Belmiro,2,1,SP,RJ,SP
1382,28,2003-08-24,18h00,Domingo,Atlético-MG,Bahia,Atlético-MG,Mineirão,1,0,MG,BA,MG
1383,28,2003-08-24,18h00,Domingo,Corinthians,Internacional,Corinthians,Pacaembu,3,1,SP,RS,SP
1384,28,2003-08-24,16h00,Domingo,Figueirense,Coritiba,Coritiba,Orlando Scarpelli,1,2,SC,PR,PR
1385,28,2003-08-24,16h00,Domingo,Guarani,Criciúma,Guarani,Brinco de Ouro,1,0,SP,SC,SP
1386,28,2003-08-24,16h00,Domingo,Paraná,Fluminense,Paraná,Willie Davids,2,0,PR,RJ,PR
1387,28,2003-08-24,16h00,Domingo,Paysandu,Ponte Preta,Paysandu,Mangueirão,3,2,PA,SP,PA
1388,28,2003-08-24,16h00,Domingo,Vasco,São Paulo,Vasco,São Januário,3,2,RJ,SP,RJ
1389,28,2003-08-24,16h00,Domingo,Vitória,Juventude,Vitória,Barradão,3,0,ES,RS,ES
1390,29,2003-08-30,16h00,Sábado,Fortaleza,Santos,-,Castelão,0,0,CE,SP,-
1391,29,2003-08-30,18h00,Sábado,Cruzeiro,Guarani,Cruzeiro,Mineirão,4,1,MG,SP,MG
1392,29,2003-08-30,16h00,Sábado,Fluminense,Grêmio,Fluminense,Municipal Juiz de Fora,2,0,RJ,RS,RJ
1393,29,2003-08-30,18h00,Sábado,São Paulo,Paysandu,São Paulo,Benedito Teixeira,1,0,SP,PA,SP
1394,29,2003-08-30,16h00,Sábado,Internacional,Vitória,Vitória,Beira Rio,0,1,RS,ES,ES
1395,29,2003-08-31,18h00,Domingo,Coritiba,Atlético-MG,-,Couto Pereira,2,2,PR,MG,-
1396,29,2003-08-31,16h00,Domingo,Ponte Preta,Figueirense,-,Moisés Lucarelli,1,1,SP,SC,-
1397,29,2003-08-31,16h00,Domingo,Bahia,Paraná,Bahia,Fonte Nova,4,2,BA,PR,BA
1398,29,2003-08-31,18h00,Domingo,Criciúma,Athlético-PR,Criciúma,Heriberto Hulse,2,0,SC,PR,SC
1399,29,2003-08-31,16h00,Domingo,Flamengo,Corinthians,Flamengo,Maracanã,1,0,RJ,SP,RJ
1400,29,2003-08-31,16h00,Domingo,Juventude,Goiás,Goiás,Alfredo Jaconi,0,2,RS,GO,GO
1401,29,2003-08-31,16h00,Domingo,São Caetano,Vasco,São Caetano,Anacleto Campanella,1,0,SP,RJ,SP
1402,30,2003-09-13,18h00,Sábado,Grêmio,Bahia,-,Olímpico Monumental,1,1,RS,BA,-
1403,30,2003-09-13,18h00,Sábado,Corinthians,Fortaleza,Corinthians,Pacaembu,2,0,SP,CE,SP
1404,30,2003-09-13,16h00,Sábado,Athlético-PR,Cruzeiro,Cruzeiro,Arena da Baixada,1,4,PR,MG,MG
1405,30,2003-09-13,16h00,Sábado,Santos,Criciúma,Santos,Vila Belmiro,5,2,SP,SC,SP
1406,30,2003-09-14,16h00,Domingo,Figueirense,São Paulo,-,Orlando Scarpelli,2,2,SC,SP,-
1407,30,2003-09-14,18h00,Domingo,Atlético-MG,Ponte Preta,Atlético-MG,Independência,2,0,MG,SP,MG
1408,30,2003-09-14,16h00,Domingo,Paraná,Coritiba,Coritiba,Couto Pereira,2,3,PR,PR,PR
1409,30,2003-09-14,16h00,Domingo,Goiás,Internacional,Goiás,Serra Dourada,3,1,GO,RS,GO
1410,30,2003-09-14,16h00,Domingo,Guarani,Juventude,Guarani,Brinco de Ouro,2,0,SP,RS,SP
1411,30,2003-09-14,16h00,Domingo,Paysandu,São Caetano,Paysandu,Mangueirão,1,0,PA,SP,PA
1412,30,2003-09-14,18h00,Domingo,Vasco,Fluminense,Vasco,Maracanã,1,0,RJ,RJ,RJ
1413,30,2003-09-14,16h00,Domingo,Vitória,Flamengo,Vitória,Barradão,1,0,ES,RJ,ES
1414,31,2003-09-20,18h00,Sábado,Fluminense,Paysandu,-,Maracanã,1,1,RJ,PA,-
1415,31,2003-09-20,16h00,Sábado,Coritiba,Grêmio,Coritiba,Couto Pereira,1,0,PR,RS,PR
1416,31,2003-09-20,16h00,Sábado,Cruzeiro,Santos,Cruzeiro,Mineirão,3,0,MG,SP,MG
1417,31,2003-09-20,18h00,Sábado,Internacional,Guarani,Internacional,Beira Rio,2,0,RS,SP,RS
1418,31,2003-09-20,16h00,Sábado,Ponte Preta,Paraná,Ponte Preta,Vila Belmiro,4,0,SP,PR,SP
1419,31,2003-09-21,18h00,Domingo,São Paulo,Atlético-MG,-,Morumbi,2,2,SP,MG,-
1420,31,2003-09-21,18h00,Domingo,Flamengo,Goiás,-,Maracanã,1,1,RJ,GO,-
1421,31,2003-09-21,16h00,Domingo,Bahia,Vasco,Bahia,Fonte Nova,3,0,BA,RJ,BA
1422,31,2003-09-21,16h00,Domingo,Criciúma,Corinthians,Criciúma,Heriberto Hulse,1,0,SC,SP,SC
1423,31,2003-09-21,16h00,Domingo,São Caetano,Figueirense,Figueirense,Anacleto Campanella,0,2,SP,SC,SC
1424,31,2003-09-21,16h00,Domingo,Fortaleza,Vitória,Fortaleza,Plácido Castelo,1,0,CE,ES,CE
1425,31,2003-09-21,16h00,Domingo,Juventude,Athlético-PR,Juventude,Alfredo Jaconi,4,0,RS,PR,RS
1426,32,2003-09-24,20h30,Quarta-feira,Vitória,Criciúma,-,Barradão,1,1,ES,SC,-
1427,32,2003-09-24,21h40,Quarta-feira,Santos,Juventude,-,Vila Belmiro,1,1,SP,RS,-
1428,32,2003-09-24,20h30,Quarta-feira,Grêmio,Ponte Preta,-,Olímpico Monumental,2,2,RS,SP,-
1429,32,2003-09-24,19h00,Quarta-feira,Athlético-PR,Internacional,Athlético-PR,Arena da Baixada,2,1,PR,RS,PR
1430,32,2003-09-24,21h40,Quarta-feira,Corinthians,Cruzeiro,Cruzeiro,Pacaembu,0,1,SP,MG,MG
1431,32,2003-09-24,20h30,Quarta-feira,Goiás,Fortaleza,Fortaleza,Serra Dourada,0,1,GO,CE,CE
1432,32,2003-09-24,21h40,Quarta-feira,Guarani,Flamengo,Guarani,Brinco de Ouro,5,3,SP,RJ,SP
1433,32,2003-09-24,21h40,Quarta-feira,Paraná,São Paulo,Paraná,Pinheirão,4,2,PR,SP,PR
1434,32,2003-09-24,20h30,Quarta-feira,Paysandu,Bahia,Paysandu,Mangueirão,4,0,PA,BA,PA
1435,32,2003-09-25,20h30,Quinta-feira,Figueirense,Fluminense,-,Orlando Scarpelli,2,2,SC,RJ,-
1436,32,2003-09-25,20h30,Quinta-feira,Atlético-MG,São Caetano,Atlético-MG,Independência,3,1,MG,SP,MG
1437,32,2003-09-25,20h30,Quinta-feira,Vasco,Coritiba,Vasco,São Januário,2,1,RJ,PR,RJ
1438,33,2003-09-27,18h00,Sábado,Flamengo,Athlético-PR,Flamengo,Maracanã,2,1,RJ,PR,RJ
1439,33,2003-09-27,16h00,Sábado,Internacional,Santos,Internacional,Beira Rio,1,0,RS,SP,RS
1440,33,2003-09-27,16h00,Sábado,São Paulo,Grêmio,São Paulo,Morumbi,3,1,SP,RS,SP
1441,33,2003-09-28,16h00,Domingo,Bahia,Figueirense,-,Fonte Nova,1,1,BA,SC,-
1442,33,2003-09-28,16h00,Domingo,Ponte Preta,Vasco,-,Moisés Lucarelli,2,2,SP,RJ,-
1443,33,2003-09-28,18h00,Domingo,Fluminense,Atlético-MG,Atlético-MG,Giulite Coutinho,0,1,RJ,MG,MG
1444,33,2003-09-28,18h00,Domingo,Coritiba,Paysandu,Coritiba,Couto Pereira,1,0,PR,PA,PR
1445,33,2003-09-28,16h00,Domingo,Criciúma,Goiás,Criciúma,Heriberto Hulse,1,0,SC,GO,SC
1446,33,2003-09-28,16h00,Domingo,Cruzeiro,Vitória,Cruzeiro,Mineirão,1,0,MG,ES,MG
1447,33,2003-09-28,16h00,Domingo,Fortaleza,Guarani,Fortaleza,Presidente Vargas,3,0,CE,SP,CE
1448,33,2003-09-28,16h00,Domingo,Juventude,Corinthians,Juventude,Alfredo Jaconi,6,1,RS,SP,RS
1449,33,2003-09-28,16h00,Domingo,São Caetano,Paraná,São Caetano,Anacleto Campanella,2,0,SP,PR,SP
1450,34,2003-10-04,16h00,Sábado,Athlético-PR,Fluminense,-,Arena da Baixada,0,0,PR,RJ,-
1451,34,2003-10-04,16h00,Sábado,Paysandu,Internacional,-,Mangueirão,0,0,PA,RS,-
1452,34,2003-10-04,18h00,Sábado,Grêmio,Figueirense,Grêmio,Olímpico Monumental,3,1,RS,SC,RS
1453,34,2003-10-04,18h00,Sábado,São Paulo,Santos,Santos,Morumbi,1,2,SP,SP,SP
1454,34,2003-10-04,16h00,Sábado,São Caetano,Ponte Preta,São Caetano,Anacleto Campanella,1,0,SP,SP,SP
1455,34,2003-10-05,16h00,Domingo,Juventude,Fortaleza,-,Alfredo Jaconi,2,2,RS,CE,-
1456,34,2003-10-05,16h00,Domingo,Atlético-MG,Vasco,Atlético-MG,Independência,2,1,MG,RJ,MG
1457,34,2003-10-05,16h00,Domingo,Vitória,Corinthians,Corinthians,Barradão,1,2,ES,SP,SP
1458,34,2003-10-05,18h00,Domingo,Criciúma,Cruzeiro,Cruzeiro,Heriberto Hulse,1,3,SC,MG,MG
1459,34,2003-10-05,16h00,Domingo,Goiás,Bahia,Goiás,Serra Dourada,3,1,GO,BA,GO
1460,34,2003-10-05,16h00,Domingo,Guarani,Coritiba,Guarani,Brinco de Ouro,2,1,SP,PR,SP
1461,34,2003-10-05,18h00,Domingo,Flamengo,Paraná,Paraná,Maracanã,0,3,RJ,PR,PR
1462,35,2003-10-08,20h30,Quarta-feira,Ponte Preta,Athlético-PR,-,Moisés Lucarelli,2,2,SP,PR,-
1463,35,2003-10-08,20h30,Quarta-feira,Fortaleza,Grêmio,-,Castelão,2,2,CE,RS,-
1464,35,2003-10-08,21h40,Quarta-feira,Santos,Guarani,-,Vila Belmiro,1,1,SP,SP,-
1465,35,2003-10-08,19h00,Quarta-feira,Vasco,Juventude,-,Maracanã,1,1,RJ,RS,-
1466,35,2003-10-08,21h40,Quarta-feira,Bahia,São Paulo,Bahia,Fonte Nova,3,0,BA,SP,BA
1467,35,2003-10-08,20h30,Quarta-feira,Coritiba,Goiás,Coritiba,Couto Pereira,1,0,PR,GO,PR
1468,35,2003-10-08,21h40,Quarta-feira,Cruzeiro,Flamengo,Cruzeiro,Mineirão,2,0,MG,RJ,MG
1469,35,2003-10-08,20h30,Quarta-feira,Corinthians,São Caetano,São Caetano,Pacaembu,0,3,SP,SP,SP
1470,35,2003-10-09,20h30,Quinta-feira,Figueirense,Atlético-MG,Atlético-MG,Orlando Scarpelli,0,1,SC,MG,MG
1471,35,2003-10-09,20h30,Quinta-feira,Fluminense,Vitória,Fluminense,Maracanã,2,0,RJ,ES,RJ
1472,35,2003-10-09,20h30,Quinta-feira,Internacional,Criciúma,Internacional,Beira Rio,2,0,RS,SC,RS
1473,35,2003-10-09,20h30,Quinta-feira,Paraná,Paysandu,Paraná,Couto Pereira,4,2,PR,PA,PR
1474,36,2003-10-11,16h00,Sábado,São Caetano,Santos,-,Anacleto Campanella,2,2,SP,SP,-
1475,36,2003-10-11,16h00,Sábado,Athlético-PR,Coritiba,Athlético-PR,Arena da Baixada,2,0,PR,PR,PR
1476,36,2003-10-11,16h00,Sábado,Guarani,Ponte Preta,Ponte Preta,Brinco de Ouro,1,3,SP,SP,SP
1477,36,2003-10-12,16h00,Domingo,Juventude,Paraná,-,Alfredo Jaconi,1,1,RS,PR,-
1478,36,2003-10-12,16h00,Domingo,Atlético-MG,Cruzeiro,Cruzeiro,Mineirão,0,1,MG,MG,MG
1479,36,2003-10-12,16h00,Domingo,Figueirense,Criciúma,Figueirense,Orlando Scarpelli,4,2,SC,SC,SC
1480,36,2003-10-12,18h00,Domingo,Flamengo,Vasco,Flamengo,Maracanã,2,1,RJ,RJ,RJ
1481,36,2003-10-12,16h00,Domingo,Goiás,Fluminense,Goiás,Serra Dourada,6,1,GO,RJ,GO
1482,36,2003-10-12,18h00,Domingo,Internacional,Grêmio,Grêmio,Beira Rio,0,1,RS,RS,RS
1483,36,2003-10-12,16h00,Domingo,São Paulo,Corinthians,São Paulo,Morumbi,3,0,SP,SP,SP
1484,36,2003-10-12,16h00,Domingo,Vitória,Bahia,Vitória,Barradão,2,1,ES,BA,ES
1485,36,2003-10-15,16h00,Quarta-feira,Paysandu,Fortaleza,Paysandu,Mangueirão,3,0,PA,CE,PA
1486,37,2003-10-18,18h00,Sábado,Grêmio,Atlético-MG,-,Olímpico Monumental,2,2,RS,MG,-
1487,37,2003-10-18,19h00,Sábado,Coritiba,Bahia,Coritiba,Couto Pereira,3,2,PR,BA,PR
1488,37,2003-10-18,18h00,Sábado,Flamengo,Paysandu,Flamengo,Maracanã,2,0,RJ,PA,RJ
1489,37,2003-10-18,16h00,Sábado,Goiás,São Paulo,Goiás,Serra Dourada,3,1,GO,SP,GO
1490,37,2003-10-18,16h00,Sábado,Guarani,Fluminense,Guarani,Brinco de Ouro,2,0,SP,RJ,SP
1491,37,2003-10-19,17h00,Domingo,Fortaleza,Figueirense,-,Presidente Vargas,1,1,CE,SC,-
1492,37,2003-10-19,17h00,Domingo,Vitória,São Caetano,-,Barradão,0,0,ES,SP,-
1493,37,2003-10-19,18h00,Domingo,Corinthians,Ponte Preta,Corinthians,Pacaembu,3,0,SP,SP,SP
1494,37,2003-10-19,16h00,Domingo,Criciúma,Vasco,Criciúma,Heriberto Hulse,2,1,SC,RJ,SC
1495,37,2003-10-19,18h00,Domingo,Cruzeiro,Juventude,Juventude,Mineirão,1,2,MG,RS,RS
1496,37,2003-10-19,16h00,Domingo,Paraná,Internacional,Paraná,Couto Pereira,4,0,PR,RS,PR
1497,37,2003-10-19,16h00,Domingo,Santos,Athlético-PR,Santos,Vila Belmiro,3,2,SP,PR,SP
1498,38,2003-10-22,20h30,Quarta-feira,Figueirense,Flamengo,-,Orlando Scarpelli,0,0,SC,RJ,-
1499,38,2003-10-22,21h40,Quarta-feira,Fluminense,Corinthians,Fluminense,Maracanã,1,0,RJ,SP,RJ
1500,38,2003-10-22,20h30,Quarta-feira,Ponte Preta,Goiás,Goiás,Moisés Lucarelli,0,2,SP,GO,GO
1501,38,2003-10-22,21h40,Quarta-feira,Internacional,Cruzeiro,Internacional,Beira Rio,1,0,RS,MG,RS
1502,38,2003-10-22,21h40,Quarta-feira,Bahia,Santos,Santos,Fonte Nova,4,7,BA,SP,SP
1503,38,2003-10-22,20h30,Quarta-feira,São Caetano,Coritiba,São Caetano,Anacleto Campanella,2,0,SP,PR,SP
1504,38,2003-10-22,20h30,Quarta-feira,Athlético-PR,Vitória,Vitória,Estádio do Café,1,2,PR,ES,ES
1505,38,2003-10-23,20h30,Quinta-feira,Vasco,Fortaleza,-,Vivaldo Lima,1,1,RJ,CE,-
1506,38,2003-10-23,20h30,Quinta-feira,São Paulo,Guarani,-,Morumbi,3,3,SP,SP,-
1507,38,2003-10-23,20h30,Quinta-feira,Atlético-MG,Paraná,-,Mineirão,2,2,MG,PR,-
1508,38,2003-10-23,20h30,Quinta-feira,Juventude,Grêmio,Grêmio,Alfredo Jaconi,1,2,RS,RS,RS
1509,38,2003-10-23,21h30,Quinta-feira,Paysandu,Criciúma,Paysandu,Mangueirão,4,0,PA,SC,PA
1510,39,2003-10-25,16h00,Sábado,Bahia,Fluminense,-,Fonte Nova,2,2,BA,RJ,-
1511,39,2003-10-25,17h00,Sábado,Ponte Preta,Vitória,-,Moisés Lucarelli,1,1,SP,ES,-
1512,39,2003-10-25,19h00,Sábado,Cruzeiro,Figueirense,Cruzeiro,Mineirão,1,0,MG,SC,MG
1513,39,2003-10-25,16h00,Sábado,Coritiba,Santos,Santos,Couto Pereira,0,4,PR,SP,SP
1514,39,2003-10-26,16h00,Domingo,Criciúma,Fortaleza,-,Heriberto Hulse,2,2,SC,CE,-
1515,39,2003-10-26,18h00,Domingo,Internacional,Juventude,-,Beira Rio,0,0,RS,RS,-
1516,39,2003-10-26,16h00,Domingo,Paraná,Vasco,-,Orlando Scarpelli,3,3,PR,RJ,-
1517,39,2003-10-26,16h00,Domingo,Corinthians,Athlético-PR,Athlético-PR,Pacaembu,2,3,SP,PR,PR
1518,39,2003-10-26,18h00,Domingo,Flamengo,Grêmio,Flamengo,Maracanã,2,1,RJ,RS,RJ
1519,39,2003-10-26,16h00,Domingo,Goiás,Guarani,Goiás,Serra Dourada,3,0,GO,SP,GO
1520,39,2003-10-26,17h00,Domingo,Paysandu,Atlético-MG,Paysandu,Mangueirão,1,0,PA,MG,PA
1521,39,2003-10-26,16h00,Domingo,São Caetano,São Paulo,São Paulo,Anacleto Campanella,0,1,SP,SP,SP
1522,40,2003-11-01,18h00,Sábado,Atlético-MG,Criciúma,-,Independência,1,1,MG,SC,-
1523,40,2003-11-01,18h00,Sábado,Fluminense,Ponte Preta,-,Maracanã,2,2,RJ,SP,-
1524,40,2003-11-01,16h00,Sábado,Athlético-PR,São Caetano,Athlético-PR,Arena da Baixada,1,0,PR,SP,PR
1525,40,2003-11-01,16h00,Sábado,Guarani,Bahia,Guarani,Brinco de Ouro,3,2,SP,BA,SP
1526,40,2003-11-01,16h00,Sábado,Grêmio,Paraná,Paraná,Olímpico Monumental,0,2,RS,PR,PR
1527,40,2003-11-02,16h00,Domingo,Juventude,Flamengo,-,Alfredo Jaconi,2,2,RS,RJ,-
1528,40,2003-11-02,16h00,Domingo,Fortaleza,Cruzeiro,Cruzeiro,Castelão,1,2,CE,MG,MG
1529,40,2003-11-02,16h00,Domingo,Figueirense,Paysandu,Figueirense,Orlando Scarpelli,6,0,SC,PA,SC
1530,40,2003-11-02,17h00,Domingo,Vitória,Goiás,Goiás,Barradão,3,4,ES,GO,GO
1531,40,2003-11-02,18h00,Domingo,Vasco,Internacional,Internacional,Batistão,0,1,RJ,RS,RS
1532,40,2003-11-02,16h00,Domingo,Santos,Corinthians,Santos,Vila Belmiro,3,1,SP,SP,SP
1533,40,2003-11-02,18h00,Domingo,São Paulo,Coritiba,São Paulo,Morumbi,1,0,SP,PR,SP
1534,41,2003-11-05,20h30,Quarta-feira,Paraná,Figueirense,-,Estádio do Café,1,1,PR,SC,-
1535,41,2003-11-05,20h30,Quarta-feira,Internacional,Fortaleza,-,Beira Rio,1,1,RS,CE,-
1536,41,2003-11-05,21h40,Quarta-feira,Coritiba,Corinthians,Coritiba,Couto Pereira,1,0,PR,SP,PR
1537,41,2003-11-05,21h40,Quarta-feira,Cruzeiro,Grêmio,Cruzeiro,Mineirão,3,0,MG,RS,MG
1538,41,2003-11-05,20h30,Quarta-feira,Juventude,Criciúma,Juventude,Alfredo Jaconi,3,1,RS,SC,RS
1539,41,2003-11-05,21h40,Quarta-feira,Santos,Vitória,Santos,Vila Belmiro,3,1,SP,ES,SP
1540,41,2003-11-05,21h40,Quarta-feira,São Paulo,Fluminense,São Paulo,Morumbi,1,0,SP,RJ,SP
1541,41,2003-11-05,21h30,Quarta-feira,Paysandu,Vasco,Vasco,Mangueirão,1,2,PA,RJ,RJ
1542,41,2003-11-06,21h30,Quinta-feira,Bahia,Ponte Preta,Bahia,Fonte Nova,1,0,BA,SP,BA
1543,41,2003-11-06,21h30,Quinta-feira,Flamengo,Atlético-MG,Flamengo,Maracanã,3,2,RJ,MG,RJ
1544,41,2003-11-06,20h30,Quinta-feira,Goiás,Athlético-PR,Goiás,Serra Dourada,4,1,GO,PR,GO
1545,41,2003-11-06,20h30,Quinta-feira,Guarani,São Caetano,São Caetano,Brinco de Ouro,0,1,SP,SP,SP
1546,42,2003-11-08,16h00,Sábado,Fluminense,Coritiba,Fluminense,Maracanã,3,2,RJ,PR,RJ
1547,42,2003-11-08,18h00,Sábado,Grêmio,Paysandu,Grêmio,Olímpico Monumental,2,0,RS,PA,RS
1548,42,2003-11-08,18h00,Sábado,Criciúma,Paraná,Paraná,Ressacada,1,2,SC,PR,PR
1549,42,2003-11-09,17h00,Domingo,Vitória,Guarani,-,Barradão,0,0,ES,SP,-
1550,42,2003-11-09,16h00,Domingo,Athlético-PR,São Paulo,Athlético-PR,Arena da Baixada,4,3,PR,SP,PR
1551,42,2003-11-09,18h00,Domingo,Corinthians,Goiás,Corinthians,Pacaembu,2,0,SP,GO,SP
1552,42,2003-11-09,16h00,Domingo,Vasco,Cruzeiro,Cruzeiro,Pedro Pedrossian,0,1,RJ,MG,MG
1553,42,2003-11-09,16h00,Domingo,Figueirense,Juventude,Figueirense,Orlando Scarpelli,2,1,SC,RS,SC
1554,42,2003-11-09,16h00,Domingo,Fortaleza,Flamengo,Fortaleza,Castelão,4,1,CE,RJ,CE
1555,42,2003-11-09,18h00,Domingo,Atlético-MG,Internacional,Internacional,Independência,1,2,MG,RS,RS
1556,42,2003-11-09,16h00,Domingo,Ponte Preta,Santos,Santos,Moisés Lucarelli,3,4,SP,SP,SP
1557,42,2003-11-09,16h00,Domingo,São Caetano,Bahia,São Caetano,Anacleto Campanella,4,1,SP,BA,SP
1558,43,2003-11-22,17h00,Sábado,Coritiba,Ponte Preta,-,Couto Pereira,1,1,PR,SP,-
1559,43,2003-11-22,17h00,Sábado,Atlético-MG,Fortaleza,Atlético-MG,Ipatingão,2,0,MG,CE,MG
1560,43,2003-11-22,17h00,Sábado,Figueirense,Internacional,Figueirense,Orlando Scarpelli,3,2,SC,RS,SC
1561,43,2003-11-22,18h00,Sábado,Flamengo,Criciúma,Flamengo,Maracanã,1,0,RJ,SC,RJ
1562,43,2003-11-22,18h00,Sábado,Grêmio,Vasco,Grêmio,Olímpico Monumental,4,3,RS,RJ,RS
1563,43,2003-11-23,17h00,Domingo,Bahia,Athlético-PR,Athlético-PR,Fonte Nova,0,2,BA,PR,PR
1564,43,2003-11-23,18h00,Domingo,Guarani,Corinthians,Corinthians,Brinco de Ouro,0,1,SP,SP,SP
1565,43,2003-11-23,16h00,Domingo,Paraná,Cruzeiro,Cruzeiro,Pinheirão,1,3,PR,MG,MG
1566,43,2003-11-23,18h00,Domingo,Paysandu,Juventude,Paysandu,Mangueirão,3,2,PA,RS,PA
1567,43,2003-11-23,16h00,Domingo,Santos,Fluminense,Santos,Vila Belmiro,3,1,SP,RJ,SP
1568,43,2003-11-23,17h00,Domingo,São Caetano,Goiás,São Caetano,Anacleto Campanella,1,0,SP,GO,SP
1569,43,2003-11-23,18h00,Domingo,São Paulo,Vitória,São Paulo,Morumbi,3,1,SP,ES,SP
1570,44,2003-11-29,17h00,Sábado,Athlético-PR,Guarani,Athlético-PR,Arena da Baixada,3,1,PR,SP,PR
1571,44,2003-11-29,18h00,Sábado,Fluminense,São Caetano,Fluminense,Maracanã,2,1,RJ,SP,RJ
1572,44,2003-11-29,18h00,Sábado,Internacional,Flamengo,Internacional,Beira Rio,3,1,RS,RJ,RS
1573,44,2003-11-29,17h00,Sábado,Juventude,Atlético-MG,Juventude,Alfredo Jaconi,1,0,RS,MG,RS
1574,44,2003-11-29,17h00,Sábado,Vasco,Figueirense,Vasco,São Januário,1,0,RJ,SC,RJ
1575,44,2003-11-30,18h00,Domingo,Corinthians,Bahia,Bahia,Pacaembu,1,2,SP,BA,BA
1576,44,2003-11-30,16h00,Domingo,CRUZEIRO,PAYSANDU,CRUZEIRO,Mineirão,2,1,MG,PA,MG
1577,44,2003-11-30,16h00,Domingo,Fortaleza,Paraná,Fortaleza,Castelão,5,3,CE,PR,CE
1578,44,2003-11-30,16h00,Domingo,Goiás,Santos,Goiás,Serra Dourada,3,0,GO,SP,GO
1579,44,2003-11-30,16h00,Domingo,Criciúma,Grêmio,Grêmio,Heriberto Hulse,0,2,SC,RS,RS
1580,44,2003-11-30,18h00,Domingo,Ponte Preta,São Paulo,São Paulo,Moisés Lucarelli,1,2,SP,SP,SP
1581,44,2003-11-30,17h00,Domingo,Vitória,Coritiba,Vitória,Barradão,1,0,ES,PR,ES
1582,45,2003-12-06,18h00,Sábado,Corinthians,Paraná,-,Pacaembu,1,1,SP,PR,-
1583,45,2003-12-06,18h00,Sábado,Athlético-PR,Vasco,-,Arena da Baixada,2,2,PR,RJ,-
1584,45,2003-12-06,17h00,Sábado,Vitória,Atlético-MG,Atlético-MG,Barradão,0,1,ES,MG,MG
1585,45,2003-12-06,17h00,Sábado,Goiás,Figueirense,Figueirense,Serra Dourada,0,3,GO,SC,SC
1586,45,2003-12-07,16h00,Domingo,Fortaleza,Coritiba,-,Presidente Vargas,2,2,CE,PR,-
1587,45,2003-12-07,16h00,Domingo,Santos,Grêmio,-,Vila Belmiro,2,2,SP,RS,-
1588,45,2003-12-07,16h00,Domingo,Flamengo,Ponte Preta,-,Maracanã,1,1,RJ,SP,-
1589,45,2003-12-07,18h00,Domingo,Internacional,São Paulo,-,Beira Rio,1,1,RS,SP,-
1590,45,2003-12-07,16h00,Domingo,Criciúma,Bahia,Criciúma,Heriberto Hulse,3,2,SC,BA,SC
1591,45,2003-12-07,16h00,Domingo,Cruzeiro,Fluminense,Cruzeiro,Mineirão,5,2,MG,RJ,MG
1592,45,2003-12-07,16h00,Domingo,Guarani,Paysandu,Guarani,Brinco de Ouro,2,1,SP,PA,SP
1593,45,2003-12-07,18h00,Domingo,Juventude,São Caetano,Juventude,Alfredo Jaconi,2,1,RS,SP,RS
1594,46,2003-12-13,16h00,Sábado,Atlético-MG,Goiás,Atlético-MG,Ipatingão,3,2,MG,GO,MG
1595,46,2003-12-13,16h00,Sábado,Coritiba,Criciúma,Coritiba,Couto Pereira,2,0,PR,SC,PR
1596,46,2003-12-13,16h00,Sábado,Figueirense,Guarani,Figueirense,Orlando Scarpelli,2,0,SC,SP,SC
1597,46,2003-12-13,16h00,Sábado,Paraná,Vitória,Paraná,Pinheirão,2,0,PR,ES,PR
1598,46,2003-12-13,16h00,Sábado,São Caetano,Internacional,São Caetano,Anacleto Campanella,5,0,SP,RS,SP
1599,46,2003-12-14,16h00,Domingo,Paysandu,Athlético-PR,-,Mangueirão,2,2,PA,PR,-
1600,46,2003-12-14,18h00,Domingo,Vasco,Santos,-,São Januário,1,1,RJ,SP,-
1601,46,2003-12-14,16h00,Domingo,Bahia,Cruzeiro,Cruzeiro,Fonte Nova,0,7,BA,MG,MG
1602,46,2003-12-14,18h00,Domingo,São Paulo,Flamengo,Flamengo,Morumbi,1,3,SP,RJ,RJ
1603,46,2003-12-14,16h00,Domingo,Fluminense,Juventude,Fluminense,Maracanã,1,0,RJ,RS,RJ
1604,46,2003-12-14,16h00,Domingo,Grêmio,Corinthians,Grêmio,Olímpico Monumental,3,0,RS,SP,RS
1605,46,2003-12-14,16h00,Domingo,Ponte Preta,Fortaleza,Ponte Preta,Moisés Lucarelli,2,0,SP,CE,SP
